query_id,supplier_id,relevance_grade,is_winner
rpl-5220408,f62ddbf5-cec7-52ca-8c4a-37503996454c,2,true
rpl-5220408,600f0fa9-7b29-5885-89f9-83349bcbc535,1,false
rpl-5236216,b2afed63-ac07-54d4-b25a-4ca9a3e75abe,2,true
rpl-5236216,6197119b-1822-575c-8ca0-c2ee3e75dcc8,1,false
rpl-5236216,a60a4dda-6def-59c1-a1c0-8750a2949967,1,false
rpl-5238915,c2106bfa-6272-58c1-9d9e-b26862da576a,2,true
rpl-5238915,c6898b99-666f-5ad6-9944-e3f0b1614815,1,false
rpl-5252523,4949660d-aebb-5157-876f-f7a4a4fed0dd,2,true
rpl-5252523,53008b68-8ada-5275-86fc-fd6f121cc31e,1,false
rpl-5253424,170d114e-9743-5288-9d0e-d7c6110d1cbf,2,true
rpl-5253424,3cf81202-0b40-53ae-8bae-26b98e7c9172,1,false
rpl-5253424,5fa0b054-3c6f-55d8-9d3e-1aa68cf2ac4a,1,false
rpl-5253424,6b72174e-139d-5e49-ac48-334148b1d51b,1,false
rpl-5253424,a3a99c1a-2614-5d4e-a656-c3bb22095105,1,false
rpl-5253424,dca8dfe5-9187-5691-b2a4-e7b84a79db0e,1,false
rpl-5240424,a364541d-fd40-5580-a799-864eeab4388f,2,true
rpl-5240424,86357230-e399-55b3-8886-66011e5ef3bc,1,false
rpl-5259542,0fc0c40a-bb32-5620-b9fc-3df837f4c846,2,true
rpl-5259542,1a6c9e96-ac0c-53e4-ae0a-02f33745326a,1,false
rpl-5259542,b36a2d23-643b-581d-bdce-644a155f4350,1,false
rpl-5259542,e1021d9c-bd54-536e-a6f7-65e4d16fc465,1,false
rpl-5259542,ff0f46db-e2c4-572a-9144-476427536aad,1,false
rpl-5253149,130c7ef8-2478-5810-9659-7afd1e0fc84b,2,true
rpl-5253149,b0ad8d3d-3649-5e63-b2d3-ed5ee0cce5e2,1,false
rpl-5267293,826889b6-6ca8-5bb6-a36e-b8b09375b53c,2,true
rpl-5267293,d0102555-f0b0-571b-986a-bf04b3f07901,1,false
rpl-5268638,0d2a7068-672f-5e30-98d6-1ac926547893,2,true
rpl-5268638,09ff2062-2a3f-5c83-9b35-5c5de44c17fe,1,false
rpl-5284999,0d2a7068-672f-5e30-98d6-1ac926547893,2,true
rpl-5284999,09ff2062-2a3f-5c83-9b35-5c5de44c17fe,1,false
rpl-5284999,439eaee8-412d-56e5-8368-158a730aff13,1,false
rpl-5284999,86a9a69d-ae9c-533c-86e9-7aa92ecad7f9,1,false
rpl-5284999,f124dc07-5b3e-528d-9b97-f71feaf75b22,1,false
rpl-5286831,130c7ef8-2478-5810-9659-7afd1e0fc84b,2,true
rpl-5286831,6e45f9b9-0855-58a0-be58-12980f9f3dcd,1,false
rpl-5287318,fb9d8f4b-5285-5d04-86bd-333caced01ab,2,true
rpl-5287318,3709a532-eb9f-53f2-97c0-348589da3f43,1,false
rpl-5287318,600f0fa9-7b29-5885-89f9-83349bcbc535,1,false
rpl-5301327,2232280e-73cd-58b6-b57b-5f70cee4ca9b,2,true
rpl-5301327,05dde666-1526-58a2-a2cd-8c0fefeb711e,1,false
rpl-5301327,a9df9dd9-2e58-5ac4-8b59-2a0004646eb5,1,false
rpl-5301327,ea46d0e9-8ac7-5a86-8e96-67759ee26b54,1,false
rpl-5312383,79b3ba37-3d79-5087-b4d1-a0484d5b7d56,2,true
rpl-5312383,205f6d17-63f8-500e-b105-a35ddc1465f2,1,false
rpl-5302104,80a70caa-36de-5c2f-9a92-d125f5ad7c7f,2,true
rpl-5302104,0c95624c-9376-50ef-8edd-0f7fa8ce6d4d,1,false
rpl-5302104,6f273605-1b04-5480-a202-c997f544ef3f,1,false
rpl-5302104,7f896052-f00a-581c-b7ad-e1ea5450f71e,1,false
rpl-5302104,b37eddaf-b0fc-58db-884a-fa59c2dbae72,1,false
rpl-5312254,7f896052-f00a-581c-b7ad-e1ea5450f71e,2,true
rpl-5312254,476b83f5-fe82-5f5c-af99-349a6bf2501f,1,false
rpl-5312254,67c18052-5e85-58c2-b9cb-c64fb9b52ebb,1,false
rpl-5312254,81b6491a-02a6-5360-9bfa-94331807947d,1,false
rpl-5325272,5ea1fbb7-d4bd-57aa-a1bd-3cab6a23469e,2,true
rpl-5325272,20a86a26-50c9-59f8-8137-1b0ef07bf344,1,false
rpl-5332794,280b3828-c38a-56e3-8d5e-c5dd1c9f7b46,2,true
rpl-5332794,3e3736c1-8a13-5fc5-8d61-acba655caf7f,1,false
rpl-5335361,6b72174e-139d-5e49-ac48-334148b1d51b,2,true
rpl-5335361,5d115ae0-9b1d-5ac9-a005-f01e68ea018f,1,false
rpl-5335361,841e8896-956e-5a83-afab-2321b9f9b795,1,false
rpl-5355163,3dfd4ad7-88c5-5df3-80de-64e9f4c448ce,2,true
rpl-5355163,b9f617b7-9187-5a49-ba93-d2c86774c309,1,false
rpl-5355455,3fe162da-da96-5fe1-b62f-3efdba9e2d2a,2,true
rpl-5355455,3cb6dbc1-3ff9-5e8c-ad51-03105c41cae7,1,false
rpl-5355455,6197119b-1822-575c-8ca0-c2ee3e75dcc8,1,false
rpl-5355455,61df930c-5a35-52db-ab76-d2716c3cc118,1,false
rpl-5356282,b8171116-8cdf-5468-9cc5-34b8aff6a54c,2,true
rpl-5356282,e3067a1e-c829-5f70-b86c-d5fd6eaa5eb1,1,false
rpl-5341066,9eb372cf-2286-5bdc-874b-a5f1d217dad1,2,true
rpl-5341066,371006fc-9bca-566d-946f-0864c6602e3b,1,false
rpl-5341066,5ccb6f6d-38e0-5424-8afc-95ff93ae2a64,1,false
rpl-5341066,a585a63a-3f7e-5305-a5e4-067b6c184fa5,1,false
rpl-5341066,f324e132-bbd3-54da-83b3-f80d7e2b4c09,1,false
rpl-5369378,eb70c064-0be8-59b1-8da8-aba0c3c56e7b,2,true
rpl-5369378,5208c1cd-8457-57ab-91a9-fb238c73c7f9,1,false
rpl-5369378,7e04ae45-2d65-5072-a932-400dd975eafa,1,false
rpl-5371205,fd478de8-3df1-551b-a8ea-2fbd3b5fe7c1,2,true
rpl-5371205,44d2e59e-e13d-5547-ba08-7a5edd9884bc,1,false
rpl-5374672,c659a0f3-eb88-5efb-b0ab-e5b02ef7d2b2,2,true
rpl-5374672,2e179f25-c0e2-51eb-82ce-46ec6d87823c,1,false
rpl-5374672,3be706bb-435f-5e37-aaa1-2734c2774ea9,1,false
rpl-5374672,6ce80aff-ff89-5353-a21f-77ce2d750fe1,1,false
rpl-5374672,896cbfd6-7d6c-5354-8feb-365caa3f0256,1,false
rpl-5376795,81b6491a-02a6-5360-9bfa-94331807947d,2,true
rpl-5376795,67c18052-5e85-58c2-b9cb-c64fb9b52ebb,1,false
rpl-5376795,68512577-db81-5a3b-81aa-9201a7b029e6,1,false
rpl-5376795,a25b81d6-6ba6-59d0-b918-4e078fa51d74,1,false
rpl-5376795,df7af3c4-3bf2-50d1-8621-c2f819330549,1,false
rpl-5385470,5ea1fbb7-d4bd-57aa-a1bd-3cab6a23469e,2,true
rpl-5385470,2a3179c5-40e3-5b1d-b68a-bc97a93675d6,1,false
rpl-5383109,e30100a8-f654-5217-b05e-2ddec3611f1b,2,true
rpl-5383109,05374052-ebc0-5724-aeaf-387f9933e321,1,false
rpl-5383109,206ced98-dda9-5787-b0e9-a688b5650142,1,false
rpl-5383109,7b670628-5cec-5c6d-a8d9-9bcbd09c6bdc,1,false
rpl-5383109,7d60b640-a3c1-514d-a07c-21f375aebda9,1,false
rpl-5383109,94d0ee24-4d2f-5563-9cf8-816c55d17e68,1,false
rpl-5396563,149cedea-a8c3-5f28-85e6-d98bb6e91138,2,true
rpl-5396563,5db9a429-5e2e-5fd8-84e0-e8e0a7874d5e,1,false
rpl-5396563,948b8680-d91e-5dbe-8d75-598177c23e8b,1,false
rpl-5396563,eb70c064-0be8-59b1-8da8-aba0c3c56e7b,1,false
rpl-5396563,f8f06975-b126-5fdf-bad3-bc837592ce36,1,false
rpl-5399695,19eec157-fb97-505e-a8fb-bb4afac2b3dc,2,true
rpl-5399695,3cb6dbc1-3ff9-5e8c-ad51-03105c41cae7,1,false
rpl-5399695,6dbd90d4-fae0-59f7-a096-0b57fe97f2d7,1,false
rpl-5399695,e0748a12-33c4-5cf3-a4af-049a2a81baaa,1,false
rpl-5409669,79bd8b17-d6c9-5ea6-b49e-144a5da780f0,2,true
rpl-5409669,05374052-ebc0-5724-aeaf-387f9933e321,1,false
rpl-5402916,dad913c3-2d20-51d5-8eb6-af3c85259bcb,2,true
rpl-5402916,1de4f9dd-62d7-54aa-888d-93c6e47984fe,1,false
rpl-5402916,3a4b17aa-4d3a-5861-85a9-ee344add65b0,1,false
rpl-5402916,eda5e182-15d9-5588-bff7-830333ff6785,1,false
rpl-5426403,8f2a89f9-3d5a-5e89-8f32-23ca4aa5603e,2,true
rpl-5426403,63c21efc-832d-5691-84f3-446580d2312b,1,false
rpl-5432547,9602da16-4b3a-5ec8-945e-a2980c0b667a,2,true
rpl-5432547,472b070a-f9b9-51ec-879b-0530dfa97999,1,false
rpl-5436694,8f6e4da6-f536-525a-b1b9-1101cc834b28,2,true
rpl-5436694,30e451af-8ee1-58f9-9e53-58d7ec490ce6,1,false
rpl-5437256,8ec0c423-b418-5bf9-8d86-7a7041c9523f,2,true
rpl-5437256,6de815c8-0327-53f0-952e-780e83dd35a4,1,false
rpl-5437440,efa621e4-d841-5d24-9b35-aac3f2b687d1,2,true
rpl-5437440,6e7c33e2-e544-5ad1-9d1f-57fc8737539c,1,false
rpl-5437440,f1c2af02-aa53-5420-81d6-20a92e8960cc,1,false
rpl-5448615,c6e78266-1442-5454-b5f2-2505e1c52faa,2,true
rpl-5448615,d42a6d1a-fac6-578e-9636-e12d1b70a8b7,1,false
rpl-5462331,27bfffda-48d7-5390-8721-38439bc05807,2,true
rpl-5462331,d0102555-f0b0-571b-986a-bf04b3f07901,1,false
rpl-5462331,f324e132-bbd3-54da-83b3-f80d7e2b4c09,1,false
rpl-5464053,d768995e-2ac8-576f-ad72-81e2a35a49b6,2,true
rpl-5464053,883c344d-f1df-54a2-bc94-5c065b7db53e,1,false
rpl-5464053,e560ef3a-1efe-5e7f-8baa-5e736378408c,1,false
rpl-5475247,d0a95587-855d-5303-ac01-37de2a5bd5a6,2,true
rpl-5475247,05374052-ebc0-5724-aeaf-387f9933e321,1,false
rpl-5475247,1efcf4ac-c05f-5be6-8bdd-dd3ce8af27fe,1,false
rpl-5475247,7d60b640-a3c1-514d-a07c-21f375aebda9,1,false
rpl-5475247,8c655fb9-999d-53d8-9a73-55f7df1e897f,1,false
rpl-5473007,d0102555-f0b0-571b-986a-bf04b3f07901,2,true
rpl-5473007,b3f66fbc-faf3-51b2-85aa-64c906fdf26e,1,false
rpl-5473007,eb1f129a-bd53-5787-bf12-c2fbda91984a,1,false
rpl-5473007,f9806254-07e1-553f-8248-90e05321018e,1,false
rpl-5476722,5bb8bbf7-ba7d-5d19-80ca-b49640482d71,2,true
rpl-5476722,3d49ce3f-2bd6-5f97-8fae-e386d99cd215,1,false
rpl-5476722,3f6ac868-c3a0-5c45-93c6-1731d6b49040,1,false
rpl-5476722,b9052943-f79e-55e8-b530-a711c4ef699b,1,false
rpl-5476722,ccc5e63f-a67f-55c9-bcb7-22aaf3a0a88c,1,false
rpl-5477564,c8320c3a-505c-5451-802b-a4150ba4e892,2,true
rpl-5477564,447b8ac3-14d7-5136-bad8-ff92cf4d5bc8,1,false
rpl-5477564,473212bf-034f-5f18-8f7c-82cf1d6e473a,1,false
rpl-5477564,4c0a97cd-0e97-5c8f-a6a2-cb9f0e5046d1,1,false
rpl-5477564,86357230-e399-55b3-8886-66011e5ef3bc,1,false
rpl-5477564,9176bcf6-9807-5b0a-83a2-ac18fb2a3001,1,false
rpl-5477564,f1c2af02-aa53-5420-81d6-20a92e8960cc,1,false
rpl-5484422,8ec0c423-b418-5bf9-8d86-7a7041c9523f,2,true
rpl-5484422,d903c02f-1218-5cf6-979b-f7aafcc61821,1,false
rpl-5413913,ef6cc96f-acb6-573e-9ce1-2b433cb63cd6,2,true
rpl-5413913,361e49fd-fb75-5461-9298-98c48fda9c8d,1,false
rpl-5469437,ccdc4b0c-8545-5e0c-98f7-4e17e7916055,2,true
rpl-5469437,89ad795d-d705-5942-9ed1-7adf6d75b9b5,1,false
rpl-5469437,f9f3d066-b3bf-56d4-9cb2-7c833ce42281,1,false
rpl-5489423,dd874509-02ec-575f-8935-8ed0b475301d,2,true
rpl-5489423,766561cc-1460-5042-be4e-fc8ba1891a24,1,false
rpl-5499489,9ab56ae7-8ec3-56a4-8060-ce39b47dd41a,2,true
rpl-5499489,55b9ffd1-6ca9-5978-8772-be95ce56b2a7,1,false
rpl-5503743,9dbcc90d-db77-5393-bdc1-900688aca25f,2,true
rpl-5503743,03e622e0-0947-5a1c-8d15-dd0a74c4f624,1,false
rpl-5506524,23028770-9257-5856-b3c1-50b09e78c2d5,2,true
rpl-5506524,473212bf-034f-5f18-8f7c-82cf1d6e473a,1,false
rpl-5506524,86357230-e399-55b3-8886-66011e5ef3bc,1,false
rpl-5506524,9176bcf6-9807-5b0a-83a2-ac18fb2a3001,1,false
rpl-5506524,c8320c3a-505c-5451-802b-a4150ba4e892,1,false
rpl-5506524,d36d732e-245c-5115-8c46-f8166075b89e,1,false
rpl-5506524,dbb3fac5-1d8a-521f-a31c-9b07badc46ec,1,false
rpl-5510873,b0ad8d3d-3649-5e63-b2d3-ed5ee0cce5e2,2,true
rpl-5510873,205a6908-c0ce-5923-8bfe-019523389271,1,false
rpl-5510873,35796a63-8838-5966-96f0-70ab1464eb61,1,false
rpl-5510873,3709a532-eb9f-53f2-97c0-348589da3f43,1,false
rpl-5510873,3c9d2a24-9237-553b-b37c-bb339f5abfd2,1,false
rpl-5510873,3cb5b90a-d5b6-5d23-b95e-d7fd5672891d,1,false
rpl-5510873,3eff8186-87af-51df-9384-bad497e410ee,1,false
rpl-5510873,5fa0b054-3c6f-55d8-9d3e-1aa68cf2ac4a,1,false
rpl-5510873,600f0fa9-7b29-5885-89f9-83349bcbc535,1,false
rpl-5510873,6b72174e-139d-5e49-ac48-334148b1d51b,1,false
rpl-5510873,7a74c6d1-0c6d-5393-ba8d-74b0efde437f,1,false
rpl-5510873,84695128-fd5a-5030-9765-02845b05db74,1,false
rpl-5510873,8e1515d5-6678-5b09-b5fb-feefa36b2270,1,false
rpl-5510873,930a1950-6dc4-583e-8c89-a7458dff39a0,1,false
rpl-5510873,a049e251-18f1-550c-a670-0cc5259ce902,1,false
rpl-5510873,c8b0cc74-fe47-5d7a-b6a1-efddbec75ef5,1,false
rpl-5510873,cf2d3a48-5c50-5a5a-bcb7-8c30eea73c22,1,false
rpl-5510873,d71eb56f-8698-50e8-ba03-a151112228bd,1,false
rpl-5513832,c96a5e70-5317-5410-b4c9-2d9c6bec0cae,2,true
rpl-5513832,5ccb6f6d-38e0-5424-8afc-95ff93ae2a64,1,false
rpl-5513832,e6d8a44c-9bcd-5330-b49d-b56f63e06b78,1,false
rpl-5514330,5a65cefa-adec-52fd-84ef-4777efb81f32,2,true
rpl-5514330,09a20dfd-188c-51a2-9106-7bc6d87da39b,1,false
rpl-5514330,6b72174e-139d-5e49-ac48-334148b1d51b,1,false
rpl-5511078,527bce03-8e06-5a7e-9653-b803a86a6421,2,true
rpl-5511078,3d680061-22c6-5ccf-b739-bd303f46a42b,1,false
rpl-5511078,83e4592b-227d-5607-b894-a23221a1bb2e,1,false
rpl-5511078,8bf4e031-7bec-5229-9e59-3c834b489cab,1,false
rpl-5518248,8ec0c423-b418-5bf9-8d86-7a7041c9523f,2,true
rpl-5518248,4174980f-ec62-5c02-9a02-750470182fa3,1,false
rpl-5518248,75bea16d-eee8-51d4-a396-4b0e27871de9,1,false
rpl-5518248,eac3ce1c-45aa-59d6-9696-089a75099f70,1,false
rpl-5509808,6de815c8-0327-53f0-952e-780e83dd35a4,2,true
rpl-5509808,3e369e1a-5aa3-5b90-b172-2d886f8b97b7,1,false
rpl-5509808,75bea16d-eee8-51d4-a396-4b0e27871de9,1,false
rpl-5509808,a962a986-e2de-5190-8242-709c5553b97e,1,false
rpl-5509808,f4322222-1e36-5f98-b7c6-227052c7c3e5,1,false
rpl-5512483,70fc6685-d54f-585e-a8cb-68a7da3b466f,2,true
rpl-5512483,7852d820-a864-5414-9c27-7ca3df33ada8,1,false
rpl-5512483,826889b6-6ca8-5bb6-a36e-b8b09375b53c,1,false
rpl-5512483,dc749128-6535-5773-aa47-287604ed1e30,1,false
rpl-5512483,eb1f129a-bd53-5787-bf12-c2fbda91984a,1,false
rpl-5512483,f9806254-07e1-553f-8248-90e05321018e,1,false
rpl-5512483,ff6e960a-cbee-5db0-b9c0-e517a11c999d,1,false
rpl-5520670,535a0785-2372-59dc-9df0-e206c5ea91df,2,true
rpl-5520670,a5c03e6f-ff44-519a-bfb5-5d7246dc162e,1,false
rpl-5520670,d17b93d0-8eb6-5302-b531-d3a5d1082f82,1,false
rpl-5524182,271bb449-37db-54bb-bc6b-22a5ab90d38f,2,true
rpl-5524182,18bc1a62-4517-5dca-b119-b5b4d0e2808f,1,false
rpl-5524182,5ccb6f6d-38e0-5424-8afc-95ff93ae2a64,1,false
rpl-5524182,892ae04c-af6b-5c3c-9533-f45db3460496,1,false
rpl-5524182,9eb372cf-2286-5bdc-874b-a5f1d217dad1,1,false
rpl-5524182,b73e51df-f7e7-59e8-bc42-27a12d48ef63,1,false
rpl-5524182,f324e132-bbd3-54da-83b3-f80d7e2b4c09,1,false
rpl-5524232,44ce64f6-ab42-5fb5-b433-86d3f26713be,2,true
rpl-5524232,240b4007-9ac1-51f6-ad69-90a4483d1762,1,false
rpl-5524232,d0c6a2ff-d083-5009-b061-488a35dd9a2f,1,false
rpl-5525303,22617762-125e-522b-b8ba-832a7ad9f38e,2,true
rpl-5525303,59472663-55d2-5557-b7c1-4fc6a78332ed,1,false
rpl-5525329,f00df865-bda5-5cae-8a08-c86f16ffb8e6,2,true
rpl-5525329,59472663-55d2-5557-b7c1-4fc6a78332ed,1,false
rpl-5526069,94181d0d-8f68-5cbd-a733-da0bc99bb263,2,true
rpl-5526069,05374052-ebc0-5724-aeaf-387f9933e321,1,false
rpl-5526069,1efcf4ac-c05f-5be6-8bdd-dd3ce8af27fe,1,false
rpl-5527079,ccdc4b0c-8545-5e0c-98f7-4e17e7916055,2,true
rpl-5527079,2120a485-9775-5f4c-9427-20d363554724,1,false
rpl-5527079,71d9df53-e21c-52fd-8072-7a94841aebd7,1,false
rpl-5527079,89ad795d-d705-5942-9ed1-7adf6d75b9b5,1,false
rpl-5527955,0d310c27-41e9-5dfe-9bf4-07f0ed621686,2,true
rpl-5527955,ca6e9e8f-9c0d-522b-909f-7fa4f9fc8730,1,false
rpl-5528109,bd2400f8-be0d-50cf-b3f4-c190443ac6b8,2,true
rpl-5528109,0fa231d5-294b-5248-8fd7-977029343b2c,1,false
rpl-5528109,7f942209-8ceb-58fe-bd6b-dcdb75296078,1,false
rpl-5528235,c27768bf-db97-538f-8b44-0c25fea42ce9,2,true
rpl-5528235,2e88d3ea-5e5b-50df-ba7c-c56abbb24bca,1,false
rpl-5528235,7816ea0b-ba59-5f2c-8708-43b888202fe2,1,false
rpl-5524805,42be798d-5d2c-52b6-bd29-e6e7be6c6ac5,2,true
rpl-5524805,1efcf4ac-c05f-5be6-8bdd-dd3ce8af27fe,1,false
rpl-5527007,74db751f-a847-53ab-941a-f94796fc2aba,2,true
rpl-5527007,6197119b-1822-575c-8ca0-c2ee3e75dcc8,1,false
rpl-5529452,3c655d0a-685e-5612-bfa4-7d095a6c22d0,2,true
rpl-5529452,04e2fa5f-6784-5b4d-8f41-c838b0981e5a,1,false
rpl-5529452,d547e9b2-b974-550c-a596-38f446e761a3,1,false
rpl-5529452,dd89c51f-d63c-5a89-a719-a12731dc74c2,1,false
rpl-5529471,eb70c064-0be8-59b1-8da8-aba0c3c56e7b,2,true
rpl-5529471,149cedea-a8c3-5f28-85e6-d98bb6e91138,1,false
rpl-5529471,2232280e-73cd-58b6-b57b-5f70cee4ca9b,1,false
rpl-5529471,4885915f-2e5f-54bb-b2a7-c055e034c5db,1,false
rpl-5529471,5208c1cd-8457-57ab-91a9-fb238c73c7f9,1,false
rpl-5529471,55fc1fe9-2f04-5b09-b53e-c787971bdc45,1,false
rpl-5529471,5db9a429-5e2e-5fd8-84e0-e8e0a7874d5e,1,false
rpl-5529471,7e04ae45-2d65-5072-a932-400dd975eafa,1,false
rpl-5529471,986c9d60-e06f-598a-88df-9ae42493e341,1,false
rpl-5529471,d237d65d-06c1-55ff-9cf2-d5737bb7d73f,1,false
rpl-5529471,d485dd1f-3732-5fc6-99c3-231426b08c42,1,false
rpl-5529471,ea46d0e9-8ac7-5a86-8e96-67759ee26b54,1,false
rpl-5529471,f1add6ba-d2ec-57b4-80b4-6c2414889b9f,1,false
rpl-5529471,f87846ff-8cc7-5f17-ba81-3e54a1b73c7d,1,false
rpl-5528623,cd248f26-f660-577d-9010-329e178b12c3,2,true
rpl-5528623,aaccd6fd-40da-50c8-91c4-53993f418669,1,false
rpl-5530573,1cdd643a-98e2-58ab-8dd1-715a8439b698,2,true
rpl-5530573,5fb75e5e-6b41-587a-9d29-e0ce89c230b3,1,false
rpl-5530573,a0db9bc6-8169-57e2-b2f2-87a326ecfdaf,1,false
rpl-5530573,affea8f3-4c8f-5a81-b4ba-83e09bd49872,1,false
rpl-5530573,c5d386fc-1478-512f-a603-0156e91109db,1,false
rpl-5531373,b9642623-94aa-57e2-af4d-f7543f223d79,2,true
rpl-5531373,0d25d730-ae55-585f-9da5-2016804a0907,1,false
rpl-5531373,6923404e-d099-51d2-a101-c510e924009a,1,false
rpl-5531373,71de9e0e-3548-5b52-930a-65ed6a804b9e,1,false
rpl-5531373,b6051d2e-3ea8-5b5d-b2fc-aa6b9b8d6847,1,false
rpl-5531373,d9b1a8d4-afcc-541e-a47e-86c2eaf4d64f,1,false
rpl-5531373,f483d9ad-543a-5698-babc-027996e9becd,1,false
rpl-5531678,ca808b9f-83d0-5055-a056-3130f17d0c8d,2,true
rpl-5531678,0817c166-a4cf-5f71-b4b4-a2be0d97b144,1,false
rpl-5531678,38807bd5-7640-50b1-9c50-e8ee41f68c2c,1,false
rpl-5531678,3c9d2a24-9237-553b-b37c-bb339f5abfd2,1,false
rpl-5531678,53c7ec8d-5291-5e02-99af-564029190228,1,false
rpl-5531678,5fa0b054-3c6f-55d8-9d3e-1aa68cf2ac4a,1,false
rpl-5531678,b0ad8d3d-3649-5e63-b2d3-ed5ee0cce5e2,1,false
rpl-5531678,d0a49959-78a7-5678-b712-ae7020be1368,1,false
rpl-5531678,d71eb56f-8698-50e8-ba03-a151112228bd,1,false
rpl-5531678,e1e67d83-fe47-5be8-864d-ce3eb8d01582,1,false
rpl-5531678,e314b7c8-1fcd-50f8-97cd-e1044b471a5a,1,false
rpl-5532243,58338989-4a62-5158-8755-307886a8f3bc,2,true
rpl-5532243,7852d820-a864-5414-9c27-7ca3df33ada8,1,false
rpl-5532243,826889b6-6ca8-5bb6-a36e-b8b09375b53c,1,false
rpl-5532243,dc749128-6535-5773-aa47-287604ed1e30,1,false
rpl-5532243,eb1f129a-bd53-5787-bf12-c2fbda91984a,1,false
rpl-5532243,ff9ba21f-34c0-5055-b6c4-a5fb100e187a,1,false
rpl-5532298,ca808b9f-83d0-5055-a056-3130f17d0c8d,2,true
rpl-5532298,5fa0b054-3c6f-55d8-9d3e-1aa68cf2ac4a,1,false
rpl-5532298,6b72174e-139d-5e49-ac48-334148b1d51b,1,false
rpl-5532298,a60a4dda-6def-59c1-a1c0-8750a2949967,1,false
rpl-5532298,b0ad8d3d-3649-5e63-b2d3-ed5ee0cce5e2,1,false
rpl-5532298,b3394a3f-6135-59ae-b259-3ae2145a4a39,1,false
rpl-5532298,b422a8af-2055-52cb-8aef-8eb19a45d68c,1,false
rpl-5532298,c8b0cc74-fe47-5d7a-b6a1-efddbec75ef5,1,false
rpl-5532298,ca26743f-3407-5aae-b64b-ad23f34202bb,1,false
rpl-5532298,dca8dfe5-9187-5691-b2a4-e7b84a79db0e,1,false
rpl-5532298,e314b7c8-1fcd-50f8-97cd-e1044b471a5a,1,false
rpl-5533218,f332aee8-b98a-5269-b0c9-03a888b1229d,2,true
rpl-5533218,2116253c-048b-579b-bcb5-a6737a4c7886,1,false
rpl-5533218,8d5aba63-02d7-50fc-93e0-21adca5f9b4a,1,false
rpl-5533218,c78ec46f-58f4-5b90-aea3-db3a77bfecc5,1,false
rpl-5533218,e1820e3e-6679-55c9-9a9a-994b4612514c,1,false
rpl-5537221,eb1f129a-bd53-5787-bf12-c2fbda91984a,2,true
rpl-5537221,826889b6-6ca8-5bb6-a36e-b8b09375b53c,1,false
rpl-5537221,b3f66fbc-faf3-51b2-85aa-64c906fdf26e,1,false
rpl-5537764,8ec0c423-b418-5bf9-8d86-7a7041c9523f,2,true
rpl-5537764,d235b32b-ca4b-5a39-837b-59797f48b4c4,1,false
rpl-5537764,eac3ce1c-45aa-59d6-9696-089a75099f70,1,false
rpl-5538601,6ce80aff-ff89-5353-a21f-77ce2d750fe1,2,true
rpl-5538601,2e179f25-c0e2-51eb-82ce-46ec6d87823c,1,false
rpl-5538601,67bda28c-33db-5346-bef0-4a13594c00d3,1,false
rpl-5538601,a1bf341f-dfba-51a6-a11d-888b567cbf83,1,false
rpl-5538871,2e3f18fd-9c88-5abf-8ca0-d1228669a64d,2,true
rpl-5538871,5ccb6f6d-38e0-5424-8afc-95ff93ae2a64,1,false
rpl-5538871,892ae04c-af6b-5c3c-9533-f45db3460496,1,false
rpl-5538871,9eb372cf-2286-5bdc-874b-a5f1d217dad1,1,false
rpl-5538871,ca6e9e8f-9c0d-522b-909f-7fa4f9fc8730,1,false
rpl-5538871,d04ada44-805c-5ba9-bee4-7d0e70ca0a5d,1,false
rpl-5531133,f5f944e1-598e-5c2b-865f-603d0f0f7a10,2,true
rpl-5531133,12d8ffdd-f231-5b38-87b8-b4c5912313c3,1,false
rpl-5531133,289d2a3e-95c4-57ba-a703-1887fca33190,1,false
rpl-5531133,3c5c295f-d5c0-5370-b8a8-481028a60a71,1,false
rpl-5531133,f324e132-bbd3-54da-83b3-f80d7e2b4c09,1,false
rpl-5537058,f223ff63-c7db-5945-a7e0-fb21076f9a13,2,true
rpl-5537058,3bc6db30-f6d4-5c28-9ad7-ff6641addbc4,1,false
rpl-5537058,41527a09-e16d-5dc0-8ece-92de03df5002,1,false
rpl-5537058,6b72174e-139d-5e49-ac48-334148b1d51b,1,false
rpl-5537058,7010e5cd-b9d9-5334-b222-ac12e067a837,1,false
rpl-5537058,9226df35-d460-54ef-ae0e-34a0a39e2cde,1,false
rpl-5537058,a464e816-243f-51b7-bb1d-9be2e2a85401,1,false
rpl-5538884,1857c744-d091-5fb9-9164-d68ddfe73489,2,true
rpl-5538884,0fa231d5-294b-5248-8fd7-977029343b2c,1,false
rpl-5538884,7f942209-8ceb-58fe-bd6b-dcdb75296078,1,false
rpl-5542125,57ec52f0-f1a9-57e7-ba87-dabfa3de14a5,2,true
rpl-5542125,0c95624c-9376-50ef-8edd-0f7fa8ce6d4d,1,false
rpl-5542125,6b288496-1507-5eb0-8646-88a24323d62c,1,false
rpl-5542125,80a70caa-36de-5c2f-9a92-d125f5ad7c7f,1,false
rpl-5542125,fca0a744-6492-584b-b165-114348cedb65,1,false
rpl-5542519,ffa53a7f-d15b-5d2a-9a74-9233282bf930,2,true
rpl-5542519,bceaf9b6-c43c-5e12-94d5-35c7e5774844,1,false
rpl-5542519,c8e9c48b-74ca-5646-8e2b-877e208999c7,1,false
rpl-5534810,766561cc-1460-5042-be4e-fc8ba1891a24,2,true
rpl-5534810,da87c2a0-6df3-5359-9c14-95c545c163dc,1,false
rpl-5541097,8e2f33ad-e632-583d-844d-9aad5d2ea3f4,2,true
rpl-5541097,b9d64a2b-9cac-5d19-9a3b-46e997915e75,1,false
rpl-5544838,004b2316-978b-5328-bf14-ff4211a45b95,2,true
rpl-5544838,5ccb6f6d-38e0-5424-8afc-95ff93ae2a64,1,false
rpl-5544838,9eb372cf-2286-5bdc-874b-a5f1d217dad1,1,false
rpl-5544838,f324e132-bbd3-54da-83b3-f80d7e2b4c09,1,false
rpl-5541503,2232280e-73cd-58b6-b57b-5f70cee4ca9b,2,true
rpl-5541503,149cedea-a8c3-5f28-85e6-d98bb6e91138,1,false
rpl-5541503,4885915f-2e5f-54bb-b2a7-c055e034c5db,1,false
rpl-5541503,5208c1cd-8457-57ab-91a9-fb238c73c7f9,1,false
rpl-5541503,55fc1fe9-2f04-5b09-b53e-c787971bdc45,1,false
rpl-5541503,7e04ae45-2d65-5072-a932-400dd975eafa,1,false
rpl-5541503,948b8680-d91e-5dbe-8d75-598177c23e8b,1,false
rpl-5541503,eb70c064-0be8-59b1-8da8-aba0c3c56e7b,1,false
rpl-5541503,f87846ff-8cc7-5f17-ba81-3e54a1b73c7d,1,false
rpl-5542885,3be706bb-435f-5e37-aaa1-2734c2774ea9,2,true
rpl-5542885,2e179f25-c0e2-51eb-82ce-46ec6d87823c,1,false
rpl-5542885,70a3ccca-a074-5843-964d-d13cd448403b,1,false
rpl-5542885,8fd69949-b98c-5b30-a92b-b943488c2686,1,false
rpl-5544338,b3f66fbc-faf3-51b2-85aa-64c906fdf26e,2,true
rpl-5544338,826889b6-6ca8-5bb6-a36e-b8b09375b53c,1,false
rpl-5544338,ff6e960a-cbee-5db0-b9c0-e517a11c999d,1,false
rpl-5548944,eab2e29b-7fc7-5c02-b89c-10a414e83fbe,2,true
rpl-5548944,12d8ffdd-f231-5b38-87b8-b4c5912313c3,1,false
rpl-5548944,5ccb6f6d-38e0-5424-8afc-95ff93ae2a64,1,false
rpl-5548944,b73e51df-f7e7-59e8-bc42-27a12d48ef63,1,false
rpl-5548944,c02e3c77-b352-50b5-ab21-93cb3d245cfb,1,false
rpl-5548944,e6d8a44c-9bcd-5330-b49d-b56f63e06b78,1,false
rpl-5532791,c3009f33-19d7-56e8-a9e9-2b0ffdea8fe0,2,true
rpl-5532791,578ab77c-d5df-513a-992e-272b997f881c,1,false
rpl-5532791,b37deff7-b138-506a-9fb7-d9a4be9dcb2b,1,false
rpl-5532791,c5667578-aada-525b-8cfe-1099f9b14cc3,1,false
rpl-5541771,f66ebb97-bb97-56c4-a262-878e02e55156,2,true
rpl-5541771,0b6b0695-e299-5378-acea-1eabfa944949,1,false
rpl-5541771,5ef3c9ab-a5bf-5e76-8e6f-c9c183843f9a,1,false
rpl-5541771,8f6e4da6-f536-525a-b1b9-1101cc834b28,1,false
rpl-5541771,c9612898-4ec3-5fb7-bd79-5ab8d4dc1500,1,false
rpl-5549848,57993a29-5b52-55db-ac35-96a74e9c192e,2,true
rpl-5549848,25d2363e-29a4-5787-9a29-6dcfd535eedd,1,false
rpl-5549848,6e933897-e485-5146-8789-851d1d93d8cf,1,false
rpl-5549848,bce639ac-6bb5-5cc1-99a2-25997bd49d68,1,false
rpl-5549848,f13a9dbe-4bef-5322-9637-7dc5ecd8d8f6,1,false
rpl-5549993,d8fda4e7-0d77-5ae7-a8bc-7244cdef2140,2,true
rpl-5549993,38807bd5-7640-50b1-9c50-e8ee41f68c2c,1,false
rpl-5549993,b0ad8d3d-3649-5e63-b2d3-ed5ee0cce5e2,1,false
rpl-5549993,b3394a3f-6135-59ae-b259-3ae2145a4a39,1,false
rpl-5549993,e314b7c8-1fcd-50f8-97cd-e1044b471a5a,1,false
rpl-5555299,064ce209-3f0a-5204-8423-aabdca598c9a,2,true
rpl-5555299,240b4007-9ac1-51f6-ad69-90a4483d1762,1,false
rpl-5555299,26517ac5-28f0-54b1-95da-d8e7a16929de,1,false
rpl-5556208,76f9c413-a845-56a5-af74-de9cc69de821,2,true
rpl-5556208,a6cb5824-980c-5f1e-b98a-636fa5a91fb2,1,false
rpl-5556330,0a9d8f1f-17b0-5a63-8bf1-03d258008d0c,2,true
rpl-5556330,2eabd684-8512-5306-b1da-c4a8d85d1a10,1,false
rpl-5556330,447b8ac3-14d7-5136-bad8-ff92cf4d5bc8,1,false
rpl-5556330,473212bf-034f-5f18-8f7c-82cf1d6e473a,1,false
rpl-5556330,66ca97bd-d581-5435-8a4c-5eada50f31c2,1,false
rpl-5556330,86357230-e399-55b3-8886-66011e5ef3bc,1,false
rpl-5556330,93531eb3-c52f-5b7d-af61-f5b062333550,1,false
rpl-5556330,dbb3fac5-1d8a-521f-a31c-9b07badc46ec,1,false
rpl-5556330,f1c2af02-aa53-5420-81d6-20a92e8960cc,1,false
rpl-5557745,8bb3b887-f357-54e8-b8e9-1e70fdcdb4d5,2,true
rpl-5557745,eb70c064-0be8-59b1-8da8-aba0c3c56e7b,1,false
rpl-5552443,2232280e-73cd-58b6-b57b-5f70cee4ca9b,2,true
rpl-5552443,4885915f-2e5f-54bb-b2a7-c055e034c5db,1,false
rpl-5552443,5208c1cd-8457-57ab-91a9-fb238c73c7f9,1,false
rpl-5552443,5db9a429-5e2e-5fd8-84e0-e8e0a7874d5e,1,false
rpl-5552443,c98afd26-1f0a-53e5-898b-d1ab8bbd0b46,1,false
rpl-5552443,d237d65d-06c1-55ff-9cf2-d5737bb7d73f,1,false
rpl-5552443,eb70c064-0be8-59b1-8da8-aba0c3c56e7b,1,false
rpl-5559084,a068765a-273d-54e5-8868-055c92a3a334,2,true
rpl-5559084,856f43f1-93b0-5d85-a3ab-aa0b2b4056d8,1,false
rpl-5507240,0dfd6ae4-21fa-5ade-b5f9-31e9a81634d6,2,true
rpl-5507240,55b9ffd1-6ca9-5978-8772-be95ce56b2a7,1,false
rpl-5555962,240b4007-9ac1-51f6-ad69-90a4483d1762,2,true
rpl-5555962,4b52896e-2460-5aee-9273-cf72d18e10e7,1,false
rpl-5555962,701c4eee-d628-5fe9-a764-6cb085ebc1ba,1,false
rpl-5555962,9803bcbf-35bd-5cf2-b8a5-545cb55e91d5,1,false
rpl-5555962,c69d7975-74bb-5fba-85ec-ba9f8e44562a,1,false
rpl-5559387,386bdb62-eef8-53ef-9cc4-cf73d7b4d786,2,true
rpl-5559387,09d7f179-b2b9-52f1-9dcf-824d1b53550d,1,false
rpl-5559387,0db112ca-7925-50dc-8c13-df02c8f954f7,1,false
rpl-5559387,240b4007-9ac1-51f6-ad69-90a4483d1762,1,false
rpl-5559387,b0e69c24-e9e1-5bbd-9996-483b50ec7d25,1,false
rpl-5559387,e696a479-5ae9-50fb-8318-ed6ca824f4b1,1,false
rpl-5561348,d97de304-900b-5c57-9f69-07a8f1cb7de0,2,true
rpl-5561348,79dadd99-9609-5d62-acab-f0a35d189f9d,1,false
rpl-5561576,1cebabb6-f8b4-5519-afe7-18f00a52eaed,2,true
rpl-5561576,4949660d-aebb-5157-876f-f7a4a4fed0dd,1,false
rpl-5561576,53008b68-8ada-5275-86fc-fd6f121cc31e,1,false
rpl-5561366,4c0a97cd-0e97-5c8f-a6a2-cb9f0e5046d1,2,true
rpl-5561366,240b4007-9ac1-51f6-ad69-90a4483d1762,1,false
rpl-5561366,447b8ac3-14d7-5136-bad8-ff92cf4d5bc8,1,false
rpl-5561366,dbb3fac5-1d8a-521f-a31c-9b07badc46ec,1,false
rpl-5563063,6dbd90d4-fae0-59f7-a096-0b57fe97f2d7,2,true
rpl-5563063,190a0fe0-d931-5634-b5fe-822cad14c62a,1,false
rpl-5563063,2b9f1a94-da34-53a9-b7aa-4e90ce49d672,1,false
rpl-5563063,43237da2-31e0-5748-a04a-e3326f724dc1,1,false
rpl-5563063,e76c87df-af34-5c29-8f22-a7d92c323ba8,1,false
rpl-5563770,8def5d5b-cf8c-5a70-96f3-98d3a61cfb87,2,true
rpl-5563770,1de4f9dd-62d7-54aa-888d-93c6e47984fe,1,false
rpl-5563770,3cb6dbc1-3ff9-5e8c-ad51-03105c41cae7,1,false
rpl-5564816,1cebabb6-f8b4-5519-afe7-18f00a52eaed,2,true
rpl-5564816,4949660d-aebb-5157-876f-f7a4a4fed0dd,1,false
rpl-5564816,53008b68-8ada-5275-86fc-fd6f121cc31e,1,false
rpl-5554758,f36607cc-2107-5771-b93b-61ac7244a8a9,2,true
rpl-5554758,9940f90d-b08c-5f5f-8cf6-ba9275639ae2,1,false
rpl-5554758,c160e9ea-b109-5866-80f8-2ae4f2a078fb,1,false
rpl-5559750,67c18052-5e85-58c2-b9cb-c64fb9b52ebb,2,true
rpl-5559750,df7af3c4-3bf2-50d1-8621-c2f819330549,1,false
rpl-5548383,c23c7037-599b-5b24-8381-48814853b77a,2,true
rpl-5548383,1861570a-e526-56ca-b8a1-9ad7a8fe225e,1,false
rpl-5548383,a3a89617-19b3-536d-b07e-f0633ed09b23,1,false
rpl-5548383,e41a7d47-61b5-5931-8d38-3ac9846b465e,1,false
rpl-5548383,e4452455-92e7-5e28-8cb0-4a5a84836619,1,false
rpl-5553808,c69d7975-74bb-5fba-85ec-ba9f8e44562a,2,true
rpl-5553808,240b4007-9ac1-51f6-ad69-90a4483d1762,1,false
rpl-5553808,9803bcbf-35bd-5cf2-b8a5-545cb55e91d5,1,false
rpl-5553808,c4296a60-fd75-58b4-9208-5707203d4471,1,false
rpl-5553808,daba9662-f710-54f5-9092-6f537c58b859,1,false
rpl-5553808,e696a479-5ae9-50fb-8318-ed6ca824f4b1,1,false
rpl-5553808,f1c2af02-aa53-5420-81d6-20a92e8960cc,1,false
rpl-5558048,eb70c064-0be8-59b1-8da8-aba0c3c56e7b,2,true
rpl-5558048,2232280e-73cd-58b6-b57b-5f70cee4ca9b,1,false
rpl-5558048,711df1bd-2eb0-5a49-b087-3a76596d064a,1,false
rpl-5558048,948b8680-d91e-5dbe-8d75-598177c23e8b,1,false
rpl-5558048,f03b234d-c58e-5ea7-9325-d9b9aca83bc2,1,false
rpl-5565847,17111d66-c495-5faa-a0ad-e616fef9a9db,2,true
rpl-5565847,0e2b58cd-3add-5c13-9ba1-53188c7ffd85,1,false
rpl-5565847,c6898b99-666f-5ad6-9944-e3f0b1614815,1,false
rpl-5565847,c80fc3d8-0a81-534d-944a-0199a03eccce,1,false
rpl-5565847,cafc2b05-11eb-516a-85b6-411394ac6a51,1,false
rpl-5569336,2232280e-73cd-58b6-b57b-5f70cee4ca9b,2,true
rpl-5569336,9b0444e6-8eae-5404-ad8a-752a06c26a8d,1,false
rpl-5569336,cbcb6a23-d68b-537b-91a8-9fc82ccbd420,1,false
rpl-5570847,149cedea-a8c3-5f28-85e6-d98bb6e91138,2,true
rpl-5570847,2232280e-73cd-58b6-b57b-5f70cee4ca9b,1,false
rpl-5570847,7e04ae45-2d65-5072-a932-400dd975eafa,1,false
rpl-5570847,cbcb6a23-d68b-537b-91a8-9fc82ccbd420,1,false
rpl-5570847,eb70c064-0be8-59b1-8da8-aba0c3c56e7b,1,false
rpl-5567506,89a0a071-355b-5a1d-931c-78327d1ed8eb,2,true
rpl-5567506,05374052-ebc0-5724-aeaf-387f9933e321,1,false
rpl-5567506,1efcf4ac-c05f-5be6-8bdd-dd3ce8af27fe,1,false
rpl-5567506,5bb8bbf7-ba7d-5d19-80ca-b49640482d71,1,false
rpl-5573198,db89aef9-9440-58f4-b8cd-aebbf427d77c,2,true
rpl-5573198,5a65cefa-adec-52fd-84ef-4777efb81f32,1,false
rpl-5573198,92d03e2e-e481-517e-a851-d84bee755bec,1,false
rpl-5573198,af0bc209-6f19-5a9c-a5c6-1c0f5bb60cf9,1,false
rpl-5574263,ccdc4b0c-8545-5e0c-98f7-4e17e7916055,2,true
rpl-5574263,0c35cd6e-d104-51b9-b874-6502ae11adaa,1,false
rpl-5574263,89ad795d-d705-5942-9ed1-7adf6d75b9b5,1,false
rpl-5542580,6ff0eae1-af88-5f15-90e9-9b1acd67dff8,2,true
rpl-5542580,0e2ddb0d-4860-5ca7-a6d5-02983acbc770,1,false
rpl-5539901,66c17ed7-4a90-5bb1-9b78-6b48e494274f,2,true
rpl-5539901,0333b2d7-b557-5e1e-aabb-254065157c1f,1,false
rpl-5559609,7bdb8ae1-aa9b-5c84-82e5-1a39f714db36,2,true
rpl-5559609,bb5c5c84-fb94-5180-9247-9c5d2558622f,1,false
rpl-5559609,f6aae704-0082-5ebd-b5a3-0f9e525d1873,1,false
rpl-5576873,f36607cc-2107-5771-b93b-61ac7244a8a9,2,true
rpl-5576873,92239f8c-d4a2-5751-aeb0-6d0e10c6c107,1,false
rpl-5579596,f223ff63-c7db-5945-a7e0-fb21076f9a13,2,true
rpl-5579596,6dbd90d4-fae0-59f7-a096-0b57fe97f2d7,1,false
rpl-5579596,7a00d80a-587a-5bec-8900-b436c00a4279,1,false
rpl-5580708,2f444401-2c97-59a8-b414-4535d16b021a,2,true
rpl-5580708,9940f90d-b08c-5f5f-8cf6-ba9275639ae2,1,false
rpl-5580708,e0a3826b-17a5-59dc-89dd-e3da2830b826,1,false
rpl-5581862,bef468b5-9a17-5062-9d62-2a184b300104,2,true
rpl-5581862,944ac334-6e2d-5b19-8264-e7a925d20dbe,1,false
rpl-5577553,0da33e9f-dcb7-51e5-9171-f47e43d2ba37,2,true
rpl-5577553,63e5b92e-e1df-51f8-90a5-fa71ad3884af,1,false
rpl-5577553,77e6dc4f-f95f-5f79-960b-82db0585e5d2,1,false
rpl-5581528,ab12dbbe-35dd-54b6-bb97-b07ce9210240,2,true
rpl-5581528,3915aa4c-4d35-586a-bdee-0de8d4fb0df9,1,false
rpl-5581528,d6ebca7b-5527-540f-8aa5-1bc0355b263b,1,false
rpl-5581811,a60a4dda-6def-59c1-a1c0-8750a2949967,2,true
rpl-5581811,11bff1b5-96ab-5928-a4c5-524cdc04cd1f,1,false
rpl-5581811,3e1e5c0a-8189-5b2c-8c88-285ef7c7bddb,1,false
rpl-5581811,96aa7425-f218-5edc-a3b3-2c4f32cba5e9,1,false
rpl-5582505,6323394d-a927-5d63-a67d-506a759779bc,2,true
rpl-5582505,94c012da-48e1-5cd9-b120-5e209ed73627,1,false
rpl-5582505,d903c02f-1218-5cf6-979b-f7aafcc61821,1,false
rpl-5583213,b27c4d66-3e34-5286-a863-869f39718903,2,true
rpl-5583213,bef468b5-9a17-5062-9d62-2a184b300104,1,false
rpl-5576677,9054b53a-4924-5c99-8def-518920fb3058,2,true
rpl-5576677,df298bf3-f16b-5307-bf3c-ecfb3e170bc9,1,false
rpl-5581208,f36607cc-2107-5771-b93b-61ac7244a8a9,2,true
rpl-5581208,91cb62a9-6d61-568c-ab30-0eaf9850d2c8,1,false
rpl-5588442,d66a76b1-e34f-564d-a0d5-33da17d3d842,2,true
rpl-5588442,a56b81e1-94f2-55a3-aee7-4271305d14b9,1,false
rpl-5588442,ee9755b6-bda9-5d7c-b703-44824ca63965,1,false
rpl-5587031,c8acbb4d-f9b9-54a5-95f6-89685b632b73,2,true
rpl-5587031,944ac334-6e2d-5b19-8264-e7a925d20dbe,1,false
rpl-5587031,b6c260f5-e6cd-5e3c-a4ad-2039e06f49a1,1,false
rpl-5588705,eb145c2b-955e-5197-b719-eb65d7212aa0,2,true
rpl-5588705,3980cd30-948e-5e58-9665-fb69433cf2d0,1,false
rpl-5588705,3989877e-e75a-57d0-9de2-22cfbbbfc6c9,1,false
rpl-5588705,8bf85029-b206-5f38-b5b8-26fc2e8ed1c7,1,false
rpl-5590733,50944fb3-6893-5d15-8ff9-e6306184357d,2,true
rpl-5590733,2940bf73-2628-597a-a1e7-1e83056c24df,1,false
rpl-5590733,52c55dbf-e16f-5068-9cc2-3aab680023aa,1,false
rpl-5590733,9803983f-f789-5e11-a835-22998500e566,1,false
rpl-5590733,afe81fb8-b50e-5d37-8945-1d8eccf28814,1,false
rpl-5590733,d0737f55-38c6-55ff-9b48-8907bd3b337d,1,false
rpl-5590291,be891a7a-02f7-5e21-9e65-02a1fcd667ce,2,true
rpl-5590291,2a215a2d-114c-5fab-ae49-c9ad04bff4b1,1,false
rpl-5590291,973fa3ec-541e-5c07-8592-38ca8bc802e6,1,false
rpl-5590291,cccc3680-3e7a-5acd-b3b4-e64984ba79a1,1,false
rpl-5592249,67bda28c-33db-5346-bef0-4a13594c00d3,2,true
rpl-5592249,63919918-e6aa-5720-9242-7350d704baf1,1,false
rpl-5592531,5f20a8b7-c83b-5bc7-9e5c-643370072757,2,true
rpl-5592531,0fc0c40a-bb32-5620-b9fc-3df837f4c846,1,false
rpl-5592531,240b4007-9ac1-51f6-ad69-90a4483d1762,1,false
rpl-5592531,27f5bfca-ae4c-50e9-8076-1e2345c3615d,1,false
rpl-5592531,34924a23-7ff8-55cd-a7c7-cae8d8323806,1,false
rpl-5592531,3989877e-e75a-57d0-9de2-22cfbbbfc6c9,1,false
rpl-5592531,8bf85029-b206-5f38-b5b8-26fc2e8ed1c7,1,false
rpl-5594099,093e5b2f-8f19-5102-b5c5-ac4b622e459e,2,true
rpl-5594099,0817c166-a4cf-5f71-b4b4-a2be0d97b144,1,false
rpl-5594099,5fa0b054-3c6f-55d8-9d3e-1aa68cf2ac4a,1,false
rpl-5594099,6b72174e-139d-5e49-ac48-334148b1d51b,1,false
rpl-5594099,b0ad8d3d-3649-5e63-b2d3-ed5ee0cce5e2,1,false
rpl-5594099,c8b0cc74-fe47-5d7a-b6a1-efddbec75ef5,1,false
rpl-5594099,d7a9085e-c659-57e8-b71c-10c46982eb77,1,false
rpl-5594099,dca8dfe5-9187-5691-b2a4-e7b84a79db0e,1,false
rpl-5584024,c6e78266-1442-5454-b5f2-2505e1c52faa,2,true
rpl-5584024,b5a41361-bbf2-5263-9273-9f97f4e5bb77,1,false
rpl-5598528,6bcebfd3-8b3f-5976-a129-335078471c40,2,true
rpl-5598528,b336b71e-1cba-5e0b-bd40-62144b7d3f55,1,false
rpl-5586187,db89aef9-9440-58f4-b8cd-aebbf427d77c,2,true
rpl-5586187,05374052-ebc0-5724-aeaf-387f9933e321,1,false
rpl-5586187,1a0c4b19-83aa-50ec-828b-8d9530ef607d,1,false
rpl-5586187,3cba5544-827a-541e-9938-197403af1cd9,1,false
rpl-5586187,4f168d88-460e-50c7-a6fc-77321a87129a,1,false
rpl-5586187,7d60b640-a3c1-514d-a07c-21f375aebda9,1,false
rpl-5586187,83d6921b-202c-522b-a249-e560c8740582,1,false
rpl-5586187,94d0ee24-4d2f-5563-9cf8-816c55d17e68,1,false
rpl-5586187,9e91c3a1-44dd-5969-96dc-f4377c828115,1,false
rpl-5586187,b0ad4ac2-615d-5c5b-8ad1-98832fd13faa,1,false
rpl-5586187,b0ad8d3d-3649-5e63-b2d3-ed5ee0cce5e2,1,false
rpl-5586187,ce27623e-e136-5490-ba88-f683fa7e318f,1,false
rpl-5586187,d6ed3085-e242-5fe1-9132-4334c059d1a8,1,false
rpl-5586187,dca8dfe5-9187-5691-b2a4-e7b84a79db0e,1,false
rpl-5598766,ae9e422d-1f1e-5d90-9c20-48fde8240c9f,2,true
rpl-5598766,2232280e-73cd-58b6-b57b-5f70cee4ca9b,1,false
rpl-5598766,43ed1c3d-adf3-5a21-a0c9-aafcbb252a7c,1,false
rpl-5598766,cbcb6a23-d68b-537b-91a8-9fc82ccbd420,1,false
rpl-5599963,6ce80aff-ff89-5353-a21f-77ce2d750fe1,2,true
rpl-5599963,67bda28c-33db-5346-bef0-4a13594c00d3,1,false
rpl-5599963,a1bf341f-dfba-51a6-a11d-888b567cbf83,1,false
rpl-5599963,c659a0f3-eb88-5efb-b0ab-e5b02ef7d2b2,1,false
rpl-5599982,0b44f3cf-c58e-58ab-bfdf-0502981e0766,2,true
rpl-5599982,1cebabb6-f8b4-5519-afe7-18f00a52eaed,1,false
rpl-5599982,7e04ae45-2d65-5072-a932-400dd975eafa,1,false
rpl-5600526,c98afd26-1f0a-53e5-898b-d1ab8bbd0b46,2,true
rpl-5600526,2232280e-73cd-58b6-b57b-5f70cee4ca9b,1,false
rpl-5600526,7e04ae45-2d65-5072-a932-400dd975eafa,1,false
rpl-5600526,d237d65d-06c1-55ff-9cf2-d5737bb7d73f,1,false
rpl-5600526,eb70c064-0be8-59b1-8da8-aba0c3c56e7b,1,false
rpl-5597573,29019cac-7da9-58ca-96b6-f3736672fa3f,2,true
rpl-5597573,2abd34e8-2b16-59ac-a1f9-888a75edd65d,1,false
rpl-5597573,2e88d3ea-5e5b-50df-ba7c-c56abbb24bca,1,false
rpl-5597573,67c18052-5e85-58c2-b9cb-c64fb9b52ebb,1,false
rpl-5598910,1cf6a22a-8940-58dc-a431-084b73a1d0b0,2,true
rpl-5598910,d36d732e-245c-5115-8c46-f8166075b89e,1,false
rpl-5600670,d237d65d-06c1-55ff-9cf2-d5737bb7d73f,2,true
rpl-5600670,149cedea-a8c3-5f28-85e6-d98bb6e91138,1,false
rpl-5600670,2232280e-73cd-58b6-b57b-5f70cee4ca9b,1,false
rpl-5600670,7e04ae45-2d65-5072-a932-400dd975eafa,1,false
rpl-5601505,a163f558-735a-5781-bf50-6f951bfd6f35,2,true
rpl-5601505,1a6c9e96-ac0c-53e4-ae0a-02f33745326a,1,false
rpl-5601505,3980cd30-948e-5e58-9665-fb69433cf2d0,1,false
rpl-5601505,5260c588-2de7-5d40-81bf-e3b8ba348361,1,false
rpl-5601505,b36a2d23-643b-581d-bdce-644a155f4350,1,false
rpl-5601505,ff0f46db-e2c4-572a-9144-476427536aad,1,false
rpl-5601974,064f31fd-f841-56f0-8da8-f86ee60b990a,2,true
rpl-5601974,4d4c20fa-95c2-577f-9c86-ef0f30d2a0eb,1,false
rpl-5601974,5773c2c5-c731-5eca-b65e-1caaff91565c,1,false
rpl-5601974,e0018fee-a91a-5264-9553-8178ff994ae4,1,false
rpl-5544343,435b5a2b-d1df-51ad-a34a-07a7ee4f014d,2,true
rpl-5544343,913be5ba-ffe6-5006-9bc8-7348cb713bc8,1,false
rpl-5594877,1efcf4ac-c05f-5be6-8bdd-dd3ce8af27fe,2,true
rpl-5594877,44b282ab-79e9-56de-bf59-f82a9d94c8c3,1,false
rpl-5603480,08ba7e89-0c43-5a0d-a314-def29f7624d1,2,true
rpl-5603480,05374052-ebc0-5724-aeaf-387f9933e321,1,false
rpl-5596305,3dfd4ad7-88c5-5df3-80de-64e9f4c448ce,2,true
rpl-5596305,e34d97ff-e42b-562f-af70-27a14dc3ae35,1,false
rpl-5606190,66c17ed7-4a90-5bb1-9b78-6b48e494274f,2,true
rpl-5606190,0333b2d7-b557-5e1e-aabb-254065157c1f,1,false
rpl-5606893,db587f0f-717d-5258-8b06-ee19a765fe58,2,true
rpl-5606893,efb51630-ff80-5b51-89de-98cc90746d9c,1,false
rpl-5608536,6b72174e-139d-5e49-ac48-334148b1d51b,2,true
rpl-5608536,ca26743f-3407-5aae-b64b-ad23f34202bb,1,false
rpl-5608536,e5052c0b-1602-55a9-9532-9fcff914d7b1,1,false
rpl-5601045,2e2a925a-fd61-571f-8860-d7e046042268,2,true
rpl-5601045,2232280e-73cd-58b6-b57b-5f70cee4ca9b,1,false
rpl-5601045,5208c1cd-8457-57ab-91a9-fb238c73c7f9,1,false
rpl-5601045,948b8680-d91e-5dbe-8d75-598177c23e8b,1,false
rpl-5601045,986c9d60-e06f-598a-88df-9ae42493e341,1,false
rpl-5601045,cbcb6a23-d68b-537b-91a8-9fc82ccbd420,1,false
rpl-5601045,f03b234d-c58e-5ea7-9325-d9b9aca83bc2,1,false
rpl-5612337,30c8cb2e-be72-5f8b-96fe-adfbce1d9f11,2,true
rpl-5612337,f3d46e23-d99c-5711-beac-b15be39e8fe2,1,false
rpl-5563248,600d35ea-8a3b-52db-93fe-006e99d6f82b,2,true
rpl-5563248,eac3ce1c-45aa-59d6-9696-089a75099f70,1,false
rpl-5558279,6b59ff2f-cb11-52d4-99b5-c322a7c55d91,2,true
rpl-5558279,6b72174e-139d-5e49-ac48-334148b1d51b,1,false
rpl-5558279,a4fb2d57-f673-5540-989e-2ee27949155b,1,false
rpl-5616015,8f6e4da6-f536-525a-b1b9-1101cc834b28,2,true
rpl-5616015,5ef3c9ab-a5bf-5e76-8e6f-c9c183843f9a,1,false
rpl-5616015,f66ebb97-bb97-56c4-a262-878e02e55156,1,false
rpl-5616160,84695128-fd5a-5030-9765-02845b05db74,2,true
rpl-5616160,6b72174e-139d-5e49-ac48-334148b1d51b,1,false
rpl-5616544,8f6e4da6-f536-525a-b1b9-1101cc834b28,2,true
rpl-5616544,f66ebb97-bb97-56c4-a262-878e02e55156,1,false
rpl-5615810,386c1be4-b4dd-56c2-bfe7-45dea2a05d3e,2,true
rpl-5615810,63f4f84a-32f4-5802-9c91-77d31a63ac4b,1,false
rpl-5615810,f36607cc-2107-5771-b93b-61ac7244a8a9,1,false
rpl-5616126,f1a2ca12-43cd-5f96-850a-f328af82c353,2,true
rpl-5616126,06c907b3-fc11-5e28-ad24-e337753bdfff,1,false
rpl-5616126,326eea49-9592-5c55-a9ff-6f1bc91216d6,1,false
rpl-5616126,72add210-26a8-523f-99f0-b44c25a40abc,1,false
rpl-5616126,91e59d1b-5532-5ba3-9253-02b1c161c239,1,false
rpl-5616126,9d443302-a0fc-5aca-95a9-f77e95d8ee33,1,false
rpl-5616126,af5d6ef7-39a9-5d93-94d0-45d0b127d977,1,false
rpl-5616126,c9d5cd82-6993-5b5b-94a5-71b56f61f446,1,false
rpl-5616126,d9b1a8d4-afcc-541e-a47e-86c2eaf4d64f,1,false
rpl-5616126,fcab8201-b3fd-5c8b-a63f-2379a592389e,1,false
rpl-5616553,70a3ccca-a074-5843-964d-d13cd448403b,2,true
rpl-5616553,8e159170-add8-5531-89ff-05f8ff7a7987,1,false
rpl-5616553,a3718cd9-94c4-5621-bc71-7b423f335f39,1,false
rpl-5617610,bce639ac-6bb5-5cc1-99a2-25997bd49d68,2,true
rpl-5617610,018d42b5-6d49-5d11-ba85-0f507862a571,1,false
rpl-5617610,65a10ee0-133f-5953-a8fc-9894f8b29fff,1,false
rpl-5559894,cbcb6a23-d68b-537b-91a8-9fc82ccbd420,2,true
rpl-5559894,70c2fc71-b82c-58c6-8ad1-eb261e2c8d36,1,false
rpl-5559894,f87846ff-8cc7-5f17-ba81-3e54a1b73c7d,1,false
rpl-5591349,43237da2-31e0-5748-a04a-e3326f724dc1,2,true
rpl-5591349,1de4f9dd-62d7-54aa-888d-93c6e47984fe,1,false
rpl-5591349,6b72174e-139d-5e49-ac48-334148b1d51b,1,false
rpl-5591349,e76c87df-af34-5c29-8f22-a7d92c323ba8,1,false
rpl-5608237,30e451af-8ee1-58f9-9e53-58d7ec490ce6,2,true
rpl-5608237,0817c166-a4cf-5f71-b4b4-a2be0d97b144,1,false
rpl-5608237,2e90e051-170c-53b4-a503-5d33ce28eedb,1,false
rpl-5608237,6197119b-1822-575c-8ca0-c2ee3e75dcc8,1,false
rpl-5621298,d6ebca7b-5527-540f-8aa5-1bc0355b263b,2,true
rpl-5621298,0817c166-a4cf-5f71-b4b4-a2be0d97b144,1,false
rpl-5621298,7aefd1e5-bb4d-5402-8f3c-7f7d994f9653,1,false
rpl-5621298,cca2b887-9e21-5fa2-bd3f-12700591da92,1,false
rpl-5534671,eb70c064-0be8-59b1-8da8-aba0c3c56e7b,2,true
rpl-5534671,149cedea-a8c3-5f28-85e6-d98bb6e91138,1,false
rpl-5534671,2232280e-73cd-58b6-b57b-5f70cee4ca9b,1,false
rpl-5534671,22a00e0e-3615-50d5-807d-4bdd0efb83be,1,false
rpl-5534671,43ed1c3d-adf3-5a21-a0c9-aafcbb252a7c,1,false
rpl-5534671,7e04ae45-2d65-5072-a932-400dd975eafa,1,false
rpl-5624889,ccdc4b0c-8545-5e0c-98f7-4e17e7916055,2,true
rpl-5624889,89ad795d-d705-5942-9ed1-7adf6d75b9b5,1,false
rpl-5626010,64b4f339-b3bb-5afd-bb24-7be3f9e49a01,2,true
rpl-5626010,e560ef3a-1efe-5e7f-8baa-5e736378408c,1,false
rpl-5626048,3980cd30-948e-5e58-9665-fb69433cf2d0,2,true
rpl-5626048,5260c588-2de7-5d40-81bf-e3b8ba348361,1,false
rpl-5626048,b36a2d23-643b-581d-bdce-644a155f4350,1,false
rpl-5626048,ff0f46db-e2c4-572a-9144-476427536aad,1,false
rpl-5604239,86357230-e399-55b3-8886-66011e5ef3bc,2,true
rpl-5604239,d36d732e-245c-5115-8c46-f8166075b89e,1,false
rpl-5604239,db7d57c8-4e86-5c70-8d9c-1077f9c97112,1,false
rpl-5604239,f1c2af02-aa53-5420-81d6-20a92e8960cc,1,false
rpl-5627362,eab2e29b-7fc7-5c02-b89c-10a414e83fbe,2,true
rpl-5627362,27bfffda-48d7-5390-8721-38439bc05807,1,false
rpl-5627362,5ccb6f6d-38e0-5424-8afc-95ff93ae2a64,1,false
rpl-5627362,cf900a1a-5588-5f83-8a5b-4eced050d8bf,1,false
rpl-5627362,e6d8a44c-9bcd-5330-b49d-b56f63e06b78,1,false
rpl-5627454,1bac7ca0-ea58-512c-b313-4fdbe1d133d9,2,true
rpl-5627454,5773c2c5-c731-5eca-b65e-1caaff91565c,1,false
rpl-5627454,5ea1fbb7-d4bd-57aa-a1bd-3cab6a23469e,1,false
rpl-5627454,74db751f-a847-53ab-941a-f94796fc2aba,1,false
rpl-5627454,ad4cdfbd-078f-5e16-b04c-bf61b867ccc0,1,false
rpl-5620611,eb70c064-0be8-59b1-8da8-aba0c3c56e7b,2,true
rpl-5620611,2232280e-73cd-58b6-b57b-5f70cee4ca9b,1,false
rpl-5620611,2e2a925a-fd61-571f-8860-d7e046042268,1,false
rpl-5620611,f1ef4384-97de-501f-9cd5-8fdec897c85b,1,false
rpl-5621002,38807bd5-7640-50b1-9c50-e8ee41f68c2c,2,true
rpl-5621002,5fa0b054-3c6f-55d8-9d3e-1aa68cf2ac4a,1,false
rpl-5621002,b0ad8d3d-3649-5e63-b2d3-ed5ee0cce5e2,1,false
rpl-5628056,70031c40-c84b-50b8-a835-b1819f8bb0a9,2,true
rpl-5628056,1de4f9dd-62d7-54aa-888d-93c6e47984fe,1,false
rpl-5629680,55871a2b-d074-5ca2-8e3b-fbaaf5a93ed3,2,true
rpl-5629680,05374052-ebc0-5724-aeaf-387f9933e321,1,false
rpl-5629680,1efcf4ac-c05f-5be6-8bdd-dd3ce8af27fe,1,false
rpl-5631266,7852d820-a864-5414-9c27-7ca3df33ada8,2,true
rpl-5631266,826889b6-6ca8-5bb6-a36e-b8b09375b53c,1,false
rpl-5631266,c50b2bcc-348c-5193-a430-7fa14b007c72,1,false
rpl-5631266,eb1f129a-bd53-5787-bf12-c2fbda91984a,1,false
rpl-5631266,f9806254-07e1-553f-8248-90e05321018e,1,false
rpl-5614268,7670f8a4-c96b-572f-a86f-dcc165563230,2,true
rpl-5614268,2e3f18fd-9c88-5abf-8ca0-d1228669a64d,1,false
rpl-5614268,5ccb6f6d-38e0-5424-8afc-95ff93ae2a64,1,false
rpl-5614268,892ae04c-af6b-5c3c-9533-f45db3460496,1,false
rpl-5614268,8c3a8ee7-49db-524a-9590-4ab70f14a559,1,false
rpl-5614268,ca6e9e8f-9c0d-522b-909f-7fa4f9fc8730,1,false
rpl-5614268,d04ada44-805c-5ba9-bee4-7d0e70ca0a5d,1,false
rpl-5614268,f27783b5-a282-5b96-bff8-5fedb60cee40,1,false
rpl-5631307,ca67a311-7931-5c06-a3d8-b563eac3e87d,2,true
rpl-5631307,05374052-ebc0-5724-aeaf-387f9933e321,1,false
rpl-5631307,1efcf4ac-c05f-5be6-8bdd-dd3ce8af27fe,1,false
rpl-5632516,3989877e-e75a-57d0-9de2-22cfbbbfc6c9,2,true
rpl-5632516,2dcca37a-0aec-540b-aeca-93afa022f83c,1,false
rpl-5632516,3fe7656e-2272-5696-b2cb-ad152762df45,1,false
rpl-5632516,86357230-e399-55b3-8886-66011e5ef3bc,1,false
rpl-5632516,9024bf07-0dfc-567e-843b-370b44f11954,1,false
rpl-5632516,f1c2af02-aa53-5420-81d6-20a92e8960cc,1,false
rpl-5630655,d8ef6878-359a-503f-9074-0db0d543e2f4,2,true
rpl-5630655,05374052-ebc0-5724-aeaf-387f9933e321,1,false
rpl-5630655,1efcf4ac-c05f-5be6-8bdd-dd3ce8af27fe,1,false
rpl-5631932,c98afd26-1f0a-53e5-898b-d1ab8bbd0b46,2,true
rpl-5631932,149cedea-a8c3-5f28-85e6-d98bb6e91138,1,false
rpl-5631932,c4e11ee5-3df9-5b73-81a0-5ab0a68f6b82,1,false
rpl-5633879,7a74c6d1-0c6d-5393-ba8d-74b0efde437f,2,true
rpl-5633879,1efcf4ac-c05f-5be6-8bdd-dd3ce8af27fe,1,false
rpl-5633879,6197119b-1822-575c-8ca0-c2ee3e75dcc8,1,false
rpl-5633879,6b72174e-139d-5e49-ac48-334148b1d51b,1,false
rpl-5633879,7a00d80a-587a-5bec-8900-b436c00a4279,1,false
rpl-5633879,9e91c3a1-44dd-5969-96dc-f4377c828115,1,false
rpl-5634736,dad913c3-2d20-51d5-8eb6-af3c85259bcb,2,true
rpl-5634736,19eec157-fb97-505e-a8fb-bb4afac2b3dc,1,false
rpl-5634736,6197119b-1822-575c-8ca0-c2ee3e75dcc8,1,false
rpl-5634736,e9e7adda-136f-5f9f-b8bc-f99d13d0ffe1,1,false
rpl-5595360,bdac136a-1db6-5107-9b40-2189b54cc9e0,2,true
rpl-5595360,cc7b1285-2cc4-5356-aa77-ba17043e43f8,1,false
rpl-5626159,c8884f27-9b20-5dbb-be98-36c4870676fa,2,true
rpl-5626159,432d7239-9609-5caa-9b81-06d78da3f654,1,false
rpl-5626159,6197119b-1822-575c-8ca0-c2ee3e75dcc8,1,false
rpl-5626159,7a00d80a-587a-5bec-8900-b436c00a4279,1,false
rpl-5626159,a60a4dda-6def-59c1-a1c0-8750a2949967,1,false
rpl-5627418,c0115f6e-dba1-5ee7-b8c7-ee55f123cd4c,2,true
rpl-5627418,149cedea-a8c3-5f28-85e6-d98bb6e91138,1,false
rpl-5627418,2232280e-73cd-58b6-b57b-5f70cee4ca9b,1,false
rpl-5627418,c98afd26-1f0a-53e5-898b-d1ab8bbd0b46,1,false
rpl-5627418,d237d65d-06c1-55ff-9cf2-d5737bb7d73f,1,false
rpl-5627418,ea46d0e9-8ac7-5a86-8e96-67759ee26b54,1,false
rpl-5627418,eb70c064-0be8-59b1-8da8-aba0c3c56e7b,1,false
rpl-5635740,b0ad8d3d-3649-5e63-b2d3-ed5ee0cce5e2,2,true
rpl-5635740,6e933897-e485-5146-8789-851d1d93d8cf,1,false
rpl-5636725,8f6e4da6-f536-525a-b1b9-1101cc834b28,2,true
rpl-5636725,5ef3c9ab-a5bf-5e76-8e6f-c9c183843f9a,1,false
rpl-5636725,f66ebb97-bb97-56c4-a262-878e02e55156,1,false
rpl-5637777,8fa5d919-b626-59c8-8fc9-b68de5f34840,2,true
rpl-5637777,eb1f129a-bd53-5787-bf12-c2fbda91984a,1,false
rpl-5623673,82a3330f-7223-560a-95d2-6f6b96b75be8,2,true
rpl-5623673,4d9b71c9-d046-5dcc-a62a-d9dcd08ccd98,1,false
rpl-5623673,f8a5f88a-a88d-5ea5-a9ec-6943116ee8fe,1,false
rpl-5636619,c43ae61f-8734-5f28-8e20-25fcb0cfa12a,2,true
rpl-5636619,67467f60-0001-5c2d-8e87-f4b7dea10bdc,1,false
rpl-5636619,6b72174e-139d-5e49-ac48-334148b1d51b,1,false
rpl-5636619,9e91c3a1-44dd-5969-96dc-f4377c828115,1,false
rpl-5636619,a60a4dda-6def-59c1-a1c0-8750a2949967,1,false
rpl-5636619,a82e017c-9eba-5f25-bcd3-78c1ebad4bc0,1,false
rpl-5636619,e5a6544e-4460-5f08-a221-47b1cad1d0f7,1,false
rpl-5637233,61df930c-5a35-52db-ab76-d2716c3cc118,2,true
rpl-5637233,7a00d80a-587a-5bec-8900-b436c00a4279,1,false
rpl-5637233,e5052c0b-1602-55a9-9532-9fcff914d7b1,1,false
rpl-5637274,e8f9d577-06ed-5656-bafb-0c877435c121,2,true
rpl-5637274,76c91f2d-05ce-5c96-99c2-40ed4ef9e274,1,false
rpl-5638395,dca8dfe5-9187-5691-b2a4-e7b84a79db0e,2,true
rpl-5638395,3cb5b90a-d5b6-5d23-b95e-d7fd5672891d,1,false
rpl-5638395,d7a9085e-c659-57e8-b71c-10c46982eb77,1,false
rpl-5638395,e314b7c8-1fcd-50f8-97cd-e1044b471a5a,1,false
rpl-5638395,e3c2f163-9f01-5213-b793-333fc6d0f72a,1,false
rpl-5638395,f223ff63-c7db-5945-a7e0-fb21076f9a13,1,false
rpl-5639297,0f9295cb-2c9d-5c6d-ad4c-5c00b075ba57,2,true
rpl-5639297,4b0f2c26-ed81-5780-88fb-5fdbe9b3294f,1,false
rpl-5639297,5ccb6f6d-38e0-5424-8afc-95ff93ae2a64,1,false
rpl-5639297,892ae04c-af6b-5c3c-9533-f45db3460496,1,false
rpl-5639297,8c3a8ee7-49db-524a-9590-4ab70f14a559,1,false
rpl-5639297,b73e51df-f7e7-59e8-bc42-27a12d48ef63,1,false
rpl-5639297,d04ada44-805c-5ba9-bee4-7d0e70ca0a5d,1,false
rpl-5615504,d36d732e-245c-5115-8c46-f8166075b89e,2,true
rpl-5615504,1e88a255-c9ad-524d-a708-ec4039c0d333,1,false
rpl-5615504,291ffa17-ea9b-5be5-8ce0-42d2aba609e0,1,false
rpl-5615504,86357230-e399-55b3-8886-66011e5ef3bc,1,false
rpl-5640164,093e5b2f-8f19-5102-b5c5-ac4b622e459e,2,true
rpl-5640164,3dfd4ad7-88c5-5df3-80de-64e9f4c448ce,1,false
rpl-5640164,c43ae61f-8734-5f28-8e20-25fcb0cfa12a,1,false
rpl-5640164,d7a9085e-c659-57e8-b71c-10c46982eb77,1,false
rpl-5641057,c8acbb4d-f9b9-54a5-95f6-89685b632b73,2,true
rpl-5641057,f8a5f88a-a88d-5ea5-a9ec-6943116ee8fe,1,false
rpl-5641400,84d12fdb-32d1-53d2-ae11-6fad5cbdd0a0,2,true
rpl-5641400,7852d820-a864-5414-9c27-7ca3df33ada8,1,false
rpl-5641400,826889b6-6ca8-5bb6-a36e-b8b09375b53c,1,false
rpl-5641400,f9806254-07e1-553f-8248-90e05321018e,1,false
rpl-5635626,d6ebca7b-5527-540f-8aa5-1bc0355b263b,2,true
rpl-5635626,ce7bc302-7ddc-5a52-8efc-0859f215b3fb,1,false
rpl-5639606,2e179f25-c0e2-51eb-82ce-46ec6d87823c,2,true
rpl-5639606,3be706bb-435f-5e37-aaa1-2734c2774ea9,1,false
rpl-5639606,577bce14-9df8-538b-b3f4-65476ee04c96,1,false
rpl-5639606,5fbd8bef-7c9d-5efe-aa8c-42152641d597,1,false
rpl-5639606,67bda28c-33db-5346-bef0-4a13594c00d3,1,false
rpl-5639606,6ce80aff-ff89-5353-a21f-77ce2d750fe1,1,false
rpl-5639606,85f9119e-04bb-50f1-9f56-d1e21e2a8c69,1,false
rpl-5639606,896cbfd6-7d6c-5354-8feb-365caa3f0256,1,false
rpl-5639606,a1bf341f-dfba-51a6-a11d-888b567cbf83,1,false
rpl-5639606,d79b8b8c-3396-51dd-9a5c-95cbe95cd96c,1,false
rpl-5644983,86357230-e399-55b3-8886-66011e5ef3bc,2,true
rpl-5644983,168bef62-a2a6-5b43-be2b-a24b56e5e21a,1,false
rpl-5644983,b0207d73-bddc-5550-930f-8b19f8991be9,1,false
rpl-5642401,d36d732e-245c-5115-8c46-f8166075b89e,2,true
rpl-5642401,168bef62-a2a6-5b43-be2b-a24b56e5e21a,1,false
rpl-5642401,291ffa17-ea9b-5be5-8ce0-42d2aba609e0,1,false
rpl-5642401,447b8ac3-14d7-5136-bad8-ff92cf4d5bc8,1,false
rpl-5642401,5421d65b-ab66-5659-98af-f47f06b5db8c,1,false
rpl-5642401,86357230-e399-55b3-8886-66011e5ef3bc,1,false
rpl-5642401,b0207d73-bddc-5550-930f-8b19f8991be9,1,false
rpl-5642401,f1c2af02-aa53-5420-81d6-20a92e8960cc,1,false
rpl-5646307,4f280c8b-9a0a-54b4-8ce8-a3c2356e635e,2,true
rpl-5646307,be62160d-a1bf-5917-a962-9d5da0be9298,1,false
rpl-5648049,43db17d3-1f94-5ef3-8d7d-54b44cdb77b5,2,true
rpl-5648049,0a9d8f1f-17b0-5a63-8bf1-03d258008d0c,1,false
rpl-5648049,b98040d3-470d-53f8-9457-9980d4e25169,1,false
rpl-5648362,51c76af7-3eb7-5562-b987-8bda05fc2cc6,2,true
rpl-5648362,0db112ca-7925-50dc-8c13-df02c8f954f7,1,false
rpl-5648362,11e6b2bc-4ed0-53de-9f94-efc2b789221c,1,false
rpl-5648362,386bdb62-eef8-53ef-9cc4-cf73d7b4d786,1,false
rpl-5648362,70dc0f06-d247-5fcd-8f4b-0995f3439832,1,false
rpl-5648362,8e17b798-6bdb-50c6-8dcd-bee6b54ac56a,1,false
rpl-5648362,a6a174c8-4f8e-5715-bb39-f2a8e3faaa21,1,false
rpl-5648362,c69d7975-74bb-5fba-85ec-ba9f8e44562a,1,false
rpl-5648362,f8459d2f-4a16-59f7-920b-ec540f5896e1,1,false
rpl-5648590,a60a4dda-6def-59c1-a1c0-8750a2949967,2,true
rpl-5648590,170d114e-9743-5288-9d0e-d7c6110d1cbf,1,false
rpl-5648590,6b72174e-139d-5e49-ac48-334148b1d51b,1,false
rpl-5648590,bce639ac-6bb5-5cc1-99a2-25997bd49d68,1,false
rpl-5648590,e34d97ff-e42b-562f-af70-27a14dc3ae35,1,false
rpl-5639824,6de815c8-0327-53f0-952e-780e83dd35a4,2,true
rpl-5639824,8ec0c423-b418-5bf9-8d86-7a7041c9523f,1,false
rpl-5649818,c2106bfa-6272-58c1-9d9e-b26862da576a,2,true
rpl-5649818,e8858dc9-07ac-5aac-87b2-b63aae023793,1,false
rpl-5649818,ec6ece4e-00cf-546c-b3ec-bd05152b0ff9,1,false
rpl-5651371,cb16a7db-ca6b-5758-97fe-3caf596bf37e,2,true
rpl-5651371,1de4f9dd-62d7-54aa-888d-93c6e47984fe,1,false
rpl-5651371,205a6908-c0ce-5923-8bfe-019523389271,1,false
rpl-5651371,6197119b-1822-575c-8ca0-c2ee3e75dcc8,1,false
rpl-5637519,387c7b1c-40c4-5f0e-b5ef-13ca874f1077,2,true
rpl-5637519,12d8ffdd-f231-5b38-87b8-b4c5912313c3,1,false
rpl-5637519,5a49b319-2f35-5cde-9010-ca3d63df8d9d,1,false
rpl-5637519,5ccb6f6d-38e0-5424-8afc-95ff93ae2a64,1,false
rpl-5637519,9eb372cf-2286-5bdc-874b-a5f1d217dad1,1,false
rpl-5637519,ca6e9e8f-9c0d-522b-909f-7fa4f9fc8730,1,false
rpl-5637519,e6d8a44c-9bcd-5330-b49d-b56f63e06b78,1,false
rpl-5637519,f27783b5-a282-5b96-bff8-5fedb60cee40,1,false
rpl-5652935,0046a416-e0e6-5e2f-bc19-73e3aa11ca58,2,true
rpl-5652935,91a0b428-c28a-5be9-a67b-1e3ddfd0770d,1,false
rpl-5633525,8284ba7e-cb48-5d3a-a103-446ac2d516cb,2,true
rpl-5633525,b0e6056b-102b-5248-a1f6-46d2f1ae44a1,1,false
rpl-5644577,5ea1fbb7-d4bd-57aa-a1bd-3cab6a23469e,2,true
rpl-5644577,0d25d730-ae55-585f-9da5-2016804a0907,1,false
rpl-5649155,f266f47b-161f-5c8a-97cd-93196a62638d,2,true
rpl-5649155,6a894479-ce7c-5480-9c82-9a5b2f14bd89,1,false
rpl-5654542,4e750013-a3b8-5849-a703-44601d32930c,2,true
rpl-5654542,63f4f84a-32f4-5802-9c91-77d31a63ac4b,1,false
rpl-5649305,58ea083e-b088-54c1-98aa-3282ac84ec58,2,true
rpl-5649305,402feeda-7446-5c49-99d0-adf9ac282f39,1,false
rpl-5649305,9024bf07-0dfc-567e-843b-370b44f11954,1,false
rpl-5655168,149cedea-a8c3-5f28-85e6-d98bb6e91138,2,true
rpl-5655168,2232280e-73cd-58b6-b57b-5f70cee4ca9b,1,false
rpl-5655168,22a00e0e-3615-50d5-807d-4bdd0efb83be,1,false
rpl-5655168,eb70c064-0be8-59b1-8da8-aba0c3c56e7b,1,false
rpl-5657767,c23f2f7b-13a6-522f-a2a3-4dd853c70099,2,true
rpl-5657767,376965e9-ab35-5b72-a447-f22ae75ed229,1,false
rpl-5657767,cb4aa6dd-93a7-584e-944a-bd6323507f52,1,false
rpl-5657798,ee7de34e-293c-5c48-891f-b2f3d16bf36e,2,true
rpl-5657798,b6f54d7f-c34d-5c48-93bc-a685c05b2e2d,1,false
rpl-5658904,70a3ccca-a074-5843-964d-d13cd448403b,2,true
rpl-5658904,419fe452-90df-5334-8f35-e73f0d828a56,1,false
rpl-5658904,b19da27e-8fd6-5f52-9955-8b5ff8c924ab,1,false
rpl-5658904,b5b0e55d-ce0e-5a8e-b0dc-72f496f39b1c,1,false
rpl-5659273,8ec0c423-b418-5bf9-8d86-7a7041c9523f,2,true
rpl-5659273,6de815c8-0327-53f0-952e-780e83dd35a4,1,false
rpl-5653462,a60a4dda-6def-59c1-a1c0-8750a2949967,2,true
rpl-5653462,2e90e051-170c-53b4-a503-5d33ce28eedb,1,false
rpl-5653462,6b9eb475-74fb-5dc3-a4ad-7bf7afbd96b8,1,false
rpl-5653462,6dbd90d4-fae0-59f7-a096-0b57fe97f2d7,1,false
rpl-5653462,7a00d80a-587a-5bec-8900-b436c00a4279,1,false
rpl-5658683,67c18052-5e85-58c2-b9cb-c64fb9b52ebb,2,true
rpl-5658683,6aad5d8c-c571-5932-8827-60202d7a8c79,1,false
rpl-5658683,81b6491a-02a6-5360-9bfa-94331807947d,1,false
rpl-5658683,95fe0350-cfd7-51dd-83fe-7dc911de0586,1,false
rpl-5658683,a47f6876-54d4-5327-a8c5-e6809af95105,1,false
rpl-5658683,df7af3c4-3bf2-50d1-8621-c2f819330549,1,false
rpl-5659825,d237d65d-06c1-55ff-9cf2-d5737bb7d73f,2,true
rpl-5659825,149cedea-a8c3-5f28-85e6-d98bb6e91138,1,false
rpl-5659825,2232280e-73cd-58b6-b57b-5f70cee4ca9b,1,false
rpl-5659825,43ed1c3d-adf3-5a21-a0c9-aafcbb252a7c,1,false
rpl-5659825,7e04ae45-2d65-5072-a932-400dd975eafa,1,false
rpl-5659825,c98afd26-1f0a-53e5-898b-d1ab8bbd0b46,1,false
rpl-5659825,eb70c064-0be8-59b1-8da8-aba0c3c56e7b,1,false
rpl-5659825,ef57cefb-d7f1-5eea-b5ad-7341030e63fd,1,false
rpl-5660588,ce4e6d6c-5e52-5e45-8249-aa9bd5f1046d,2,true
rpl-5660588,70dc0f06-d247-5fcd-8f4b-0995f3439832,1,false
rpl-5660588,b3826a81-14c9-56d5-9be2-190b2d57d3e4,1,false
rpl-5661311,3e348f31-2499-5755-b90c-730faab9ef6a,2,true
rpl-5661311,6042b2df-e553-5e95-8a65-00b3aa1e3824,1,false
rpl-5647512,7e8923c3-14f7-5a61-a402-517f1aedfb71,2,true
rpl-5647512,3c9d2a24-9237-553b-b37c-bb339f5abfd2,1,false
rpl-5650270,8ec0c423-b418-5bf9-8d86-7a7041c9523f,2,true
rpl-5650270,94c012da-48e1-5cd9-b120-5e209ed73627,1,false
rpl-5650270,a962a986-e2de-5190-8242-709c5553b97e,1,false
rpl-5662522,f353799a-5356-5ba3-91ee-4aea6a770e33,2,true
rpl-5662522,447b8ac3-14d7-5136-bad8-ff92cf4d5bc8,1,false
rpl-5662522,c8320c3a-505c-5451-802b-a4150ba4e892,1,false
rpl-5662522,dbe6c870-1d34-52f7-9715-2d61cee58e11,1,false
rpl-5662522,fbd076bb-621f-5993-9e81-5a5a6e823a96,1,false
rpl-5657010,d66a76b1-e34f-564d-a0d5-33da17d3d842,2,true
rpl-5657010,ee9755b6-bda9-5d7c-b703-44824ca63965,1,false
rpl-5665109,22a00e0e-3615-50d5-807d-4bdd0efb83be,2,true
rpl-5665109,4949660d-aebb-5157-876f-f7a4a4fed0dd,1,false
rpl-5665109,53008b68-8ada-5275-86fc-fd6f121cc31e,1,false
rpl-5666288,27bfffda-48d7-5390-8721-38439bc05807,2,true
rpl-5666288,5a49b319-2f35-5cde-9010-ca3d63df8d9d,1,false
rpl-5666288,5ccb6f6d-38e0-5424-8afc-95ff93ae2a64,1,false
rpl-5666288,7670f8a4-c96b-572f-a86f-dcc165563230,1,false
rpl-5666288,ca6e9e8f-9c0d-522b-909f-7fa4f9fc8730,1,false
rpl-5666288,e6d8a44c-9bcd-5330-b49d-b56f63e06b78,1,false
rpl-5666288,f324e132-bbd3-54da-83b3-f80d7e2b4c09,1,false
rpl-5646125,c3d8094a-18eb-5214-92ed-e8053249eac7,2,true
rpl-5646125,45c8c8ef-7e58-5ef8-ba33-2806f243f94b,1,false
rpl-5646125,488f7ca8-f0be-5383-9e90-100fbdc1da1b,1,false
rpl-5646125,77b04c23-fa64-5c75-8198-a5b004737de5,1,false
rpl-5646125,bce639ac-6bb5-5cc1-99a2-25997bd49d68,1,false
rpl-5668942,f324e132-bbd3-54da-83b3-f80d7e2b4c09,2,true
rpl-5668942,0f9295cb-2c9d-5c6d-ad4c-5c00b075ba57,1,false
rpl-5668942,12d8ffdd-f231-5b38-87b8-b4c5912313c3,1,false
rpl-5668942,4b0f2c26-ed81-5780-88fb-5fdbe9b3294f,1,false
rpl-5668942,5ccb6f6d-38e0-5424-8afc-95ff93ae2a64,1,false
rpl-5668942,892ae04c-af6b-5c3c-9533-f45db3460496,1,false
rpl-5668942,ca6e9e8f-9c0d-522b-909f-7fa4f9fc8730,1,false
rpl-5668942,d04ada44-805c-5ba9-bee4-7d0e70ca0a5d,1,false
rpl-5661486,535a0785-2372-59dc-9df0-e206c5ea91df,2,true
rpl-5661486,3cb6dbc1-3ff9-5e8c-ad51-03105c41cae7,1,false
rpl-5661486,43237da2-31e0-5748-a04a-e3326f724dc1,1,false
rpl-5661486,70031c40-c84b-50b8-a835-b1819f8bb0a9,1,false
rpl-5670287,86357230-e399-55b3-8886-66011e5ef3bc,2,true
rpl-5670287,473212bf-034f-5f18-8f7c-82cf1d6e473a,1,false
rpl-5670287,d36d732e-245c-5115-8c46-f8166075b89e,1,false
rpl-5670856,f66ebb97-bb97-56c4-a262-878e02e55156,2,true
rpl-5670856,5ef3c9ab-a5bf-5e76-8e6f-c9c183843f9a,1,false
rpl-5670856,8f6e4da6-f536-525a-b1b9-1101cc834b28,1,false
rpl-5671036,4928637f-2944-5105-92ae-3f7f02adcc56,2,true
rpl-5671036,3cb6dbc1-3ff9-5e8c-ad51-03105c41cae7,1,false
rpl-5671036,7b9a45d5-8899-57c1-a2ae-2bb461ab89ea,1,false
rpl-5671036,a7eaf321-d7a0-582e-b278-4d4fd6690b79,1,false
rpl-5673642,cb16a7db-ca6b-5758-97fe-3caf596bf37e,2,true
rpl-5673642,496a6802-d2c7-56d3-baee-e4759adb062c,1,false
rpl-5673642,7a00d80a-587a-5bec-8900-b436c00a4279,1,false
rpl-5674761,e76c87df-af34-5c29-8f22-a7d92c323ba8,2,true
rpl-5674761,1b72a45b-63df-5fbe-88b2-5248cf64c525,1,false
rpl-5674761,2a6f2f57-7331-524e-b884-865b16bf07f5,1,false
rpl-5674761,3dfd4ad7-88c5-5df3-80de-64e9f4c448ce,1,false
rpl-5674761,95226b36-c862-567c-b739-820fa23b8806,1,false
rpl-5674761,a60a4dda-6def-59c1-a1c0-8750a2949967,1,false
rpl-5674761,d0a49959-78a7-5678-b712-ae7020be1368,1,false
rpl-5674761,d768995e-2ac8-576f-ad72-81e2a35a49b6,1,false
rpl-5674761,dc62b938-7772-5c04-9561-5119e6c78df8,1,false
rpl-5669188,58ea083e-b088-54c1-98aa-3282ac84ec58,2,true
rpl-5669188,6ce20169-cb62-5d12-b277-80fb5b2a5bad,1,false
rpl-5669188,84c5c9c7-a8cc-54e0-9abd-4bd9af2926dd,1,false
rpl-5675995,df7af3c4-3bf2-50d1-8621-c2f819330549,2,true
rpl-5675995,05374052-ebc0-5724-aeaf-387f9933e321,1,false
rpl-5675995,2a3179c5-40e3-5b1d-b68a-bc97a93675d6,1,false
rpl-5675995,37da37ea-2f0d-567b-8d33-986650be96d7,1,false
rpl-5675995,527594c8-2998-5276-8e35-50214d633ab9,1,false
rpl-5675995,67f1291e-19c7-5946-ac12-1d6e9dccff87,1,false
rpl-5677448,b9642623-94aa-57e2-af4d-f7543f223d79,2,true
rpl-5677448,c9d5cd82-6993-5b5b-94a5-71b56f61f446,1,false
rpl-5677806,0b39ca4a-b4c3-5bf3-a4ca-7ab12b27d43e,2,true
rpl-5677806,4e5d21eb-263d-56b7-98da-a51d17b5c3a0,1,false
rpl-5677971,b9c9cd6d-c2b6-5e91-9008-0f41ae2f635a,2,true
rpl-5677971,6b72174e-139d-5e49-ac48-334148b1d51b,1,false
rpl-5677971,a464e816-243f-51b7-bb1d-9be2e2a85401,1,false
rpl-5677971,dca8dfe5-9187-5691-b2a4-e7b84a79db0e,1,false
rpl-5679163,2215f606-134b-51d9-afbc-7de4ea541c57,2,true
rpl-5679163,432d7239-9609-5caa-9b81-06d78da3f654,1,false
rpl-5679531,b46026d5-4a38-51d4-b051-4adbe8c463d7,2,true
rpl-5679531,41676cc1-03e5-554d-b5d6-e06d9c17b86a,1,false
rpl-5661344,74d1eb9d-d96a-50e4-afa1-7b2a3be4b375,2,true
rpl-5661344,774e4344-6b47-5841-a7e5-47db5db7b6d2,1,false
rpl-5661344,a136aa96-574f-566f-b752-dd5bff731a62,1,false
rpl-5661344,b062ec92-e87d-5713-913b-721a459b67ab,1,false
rpl-5678769,01abde83-7490-5d4e-8011-3c753befdbda,2,true
rpl-5678769,0c35cd6e-d104-51b9-b874-6502ae11adaa,1,false
rpl-5678769,2120a485-9775-5f4c-9427-20d363554724,1,false
rpl-5678769,89ad795d-d705-5942-9ed1-7adf6d75b9b5,1,false
rpl-5678769,b98040d3-470d-53f8-9457-9980d4e25169,1,false
rpl-5678769,ccdc4b0c-8545-5e0c-98f7-4e17e7916055,1,false
rpl-5680055,1f67c95c-4286-5bd6-b084-1502e032d870,2,true
rpl-5680055,667b44bb-5272-5bd9-b0eb-70ebb3189989,1,false
rpl-5681955,4390e491-8c49-5448-84a1-a1e8555fa21e,2,true
rpl-5681955,47b976f2-5dcb-5428-b81b-5600521c12e7,1,false
rpl-5681955,c98afd26-1f0a-53e5-898b-d1ab8bbd0b46,1,false
rpl-5682274,918abc96-8bfb-59e9-8450-da559081cd7a,2,true
rpl-5682274,205a6908-c0ce-5923-8bfe-019523389271,1,false
rpl-5682274,25d2363e-29a4-5787-9a29-6dcfd535eedd,1,false
rpl-5682274,29cf1927-9c31-5729-ba19-f7c87c70d4c3,1,false
rpl-5682274,3025d739-4fd8-58ce-b50b-40e5425a5550,1,false
rpl-5682274,65a10ee0-133f-5953-a8fc-9894f8b29fff,1,false
rpl-5682274,9cbb7692-a0f6-5ad4-af26-76fc15f6063d,1,false
rpl-5682274,9f252e37-add9-5df5-9f34-0dc8814533f7,1,false
rpl-5682274,a60a4dda-6def-59c1-a1c0-8750a2949967,1,false
rpl-5682274,cb16a7db-ca6b-5758-97fe-3caf596bf37e,1,false
rpl-5682274,e76c87df-af34-5c29-8f22-a7d92c323ba8,1,false
rpl-5682274,f13a9dbe-4bef-5322-9637-7dc5ecd8d8f6,1,false
rpl-5683312,6eea0776-212c-5c6b-b7e3-31aa8d05c67d,2,true
rpl-5683312,70c2fc71-b82c-58c6-8ad1-eb261e2c8d36,1,false
rpl-5683312,7ad1de5a-776c-5d05-a3ab-dcc9a0d0fb01,1,false
rpl-5684176,9ccde861-3361-5699-825d-09e665e1a145,2,true
rpl-5684176,205a6908-c0ce-5923-8bfe-019523389271,1,false
rpl-5684176,3cb5b90a-d5b6-5d23-b95e-d7fd5672891d,1,false
rpl-5686187,071eacbf-3554-5eff-96b2-57db3cd756c3,2,true
rpl-5686187,05374052-ebc0-5724-aeaf-387f9933e321,1,false
rpl-5686187,1efcf4ac-c05f-5be6-8bdd-dd3ce8af27fe,1,false
rpl-5687118,1de4f9dd-62d7-54aa-888d-93c6e47984fe,2,true
rpl-5687118,30e451af-8ee1-58f9-9e53-58d7ec490ce6,1,false
rpl-5687118,43237da2-31e0-5748-a04a-e3326f724dc1,1,false
rpl-5683620,bf109e6f-436e-5c86-a077-8e3e0cf67981,2,true
rpl-5683620,cbbd450c-02a6-5951-921d-2904653fa0b2,1,false
rpl-5673582,2b9f1a94-da34-53a9-b7aa-4e90ce49d672,2,true
rpl-5673582,6b72174e-139d-5e49-ac48-334148b1d51b,1,false
rpl-5692134,7670f8a4-c96b-572f-a86f-dcc165563230,2,true
rpl-5692134,5ccb6f6d-38e0-5424-8afc-95ff93ae2a64,1,false
rpl-5692134,9eb372cf-2286-5bdc-874b-a5f1d217dad1,1,false
rpl-5692134,ca6e9e8f-9c0d-522b-909f-7fa4f9fc8730,1,false
rpl-5688050,2a215a2d-114c-5fab-ae49-c9ad04bff4b1,2,true
rpl-5688050,bdba11c7-ac9f-5245-afb7-f0c7b4308c58,1,false
rpl-5688050,cb16a7db-ca6b-5758-97fe-3caf596bf37e,1,false
rpl-5692850,8c70a9b4-e2a8-5efd-9845-badf4c29d535,2,true
rpl-5692850,2b0c6805-f6c3-5d37-b1ec-2b3c578b5bb5,1,false
rpl-5692850,4f0c004c-6dfc-5044-ab95-6afb69678910,1,false
rpl-5692850,887b741c-d99c-5b95-89b3-6b4022a97b38,1,false
rpl-5696325,167ec532-cd29-5607-9888-840651755dbf,2,true
rpl-5696325,476a4032-b6a9-51d1-9acf-2ef1aa6a5803,1,false
rpl-5696325,b98040d3-470d-53f8-9457-9980d4e25169,1,false
rpl-5699753,6d03ff29-34ee-5558-9758-174c413e5ca6,2,true
rpl-5699753,bdba11c7-ac9f-5245-afb7-f0c7b4308c58,1,false
rpl-5701460,ed9f4698-7b4d-5477-8948-86b5552edc1b,2,true
rpl-5701460,a0795a5b-e844-52e2-adaf-03b168637675,1,false
rpl-5701460,d22cf3c0-330f-5f3e-a74a-7a24d1e88406,1,false
rpl-5705032,8f6e4da6-f536-525a-b1b9-1101cc834b28,2,true
rpl-5705032,5ef3c9ab-a5bf-5e76-8e6f-c9c183843f9a,1,false
rpl-5705032,f66ebb97-bb97-56c4-a262-878e02e55156,1,false
rpl-5705476,ff9ba21f-34c0-5055-b6c4-a5fb100e187a,2,true
rpl-5705476,0332586c-b61f-55e3-91a2-b8ae63a09795,1,false
rpl-5705476,7852d820-a864-5414-9c27-7ca3df33ada8,1,false
rpl-5705476,826889b6-6ca8-5bb6-a36e-b8b09375b53c,1,false
rpl-5705476,84d12fdb-32d1-53d2-ae11-6fad5cbdd0a0,1,false
rpl-5705476,dc749128-6535-5773-aa47-287604ed1e30,1,false
rpl-5705476,eb1f129a-bd53-5787-bf12-c2fbda91984a,1,false
rpl-5705476,f9806254-07e1-553f-8248-90e05321018e,1,false
rpl-5705768,2cb0180c-d555-59ce-b42c-9ac0f4e58358,2,true
rpl-5705768,291cd379-c82b-52a8-b4a1-701b2624dad1,1,false
rpl-5705768,7a74c6d1-0c6d-5393-ba8d-74b0efde437f,1,false
rpl-5705768,f5429fd7-8fe3-5059-8db1-9b3c69ddce44,1,false
rpl-5707034,e2b58465-d0e0-5370-859c-f564c3c93320,2,true
rpl-5707034,3e1f0478-d61d-573d-af37-94d1466285f7,1,false
rpl-5707034,5599f080-5a48-5748-a002-becb6ff0264d,1,false
rpl-5707034,58797c39-0654-5824-bcd0-e6b6914f2a0e,1,false
rpl-5707034,a2279a81-390b-5dfc-8e1d-979d8185ea80,1,false
rpl-5707034,c5f7dc31-aa9c-5d41-bed2-ebe359322990,1,false
rpl-5709082,78f5fbda-a5e9-5aee-aa8c-39913057046d,2,true
rpl-5709082,8ace172b-6fda-5381-bce9-f59aee830efd,1,false
rpl-5682219,b0ad8d3d-3649-5e63-b2d3-ed5ee0cce5e2,2,true
rpl-5682219,6b72174e-139d-5e49-ac48-334148b1d51b,1,false
rpl-5702353,dca8dfe5-9187-5691-b2a4-e7b84a79db0e,2,true
rpl-5702353,1e9a2592-b716-57cf-a167-70595e18188a,1,false
rpl-5710121,6de815c8-0327-53f0-952e-780e83dd35a4,2,true
rpl-5710121,75bea16d-eee8-51d4-a396-4b0e27871de9,1,false
rpl-5710121,f230b1d3-4a32-554f-a2fd-143b12a7d277,1,false
rpl-5711156,b8b656ea-ec82-5cc0-8700-7a20e2592786,2,true
rpl-5711156,98029a4f-4652-5fba-98b6-636efcb4b22f,1,false
rpl-5712955,c8f92961-e0c0-5c71-9c42-f370428bbaa7,2,true
rpl-5712955,63c21efc-832d-5691-84f3-446580d2312b,1,false
rpl-5704646,d9e9056b-43f6-5380-b5fb-5a4e441c6c7e,2,true
rpl-5704646,5fa0b054-3c6f-55d8-9d3e-1aa68cf2ac4a,1,false
rpl-5704646,c36643c8-648a-581f-a975-1ae278202220,1,false
rpl-5704646,f33cc540-c637-5b96-87db-63aca7c2edc7,1,false
rpl-5704834,67c18052-5e85-58c2-b9cb-c64fb9b52ebb,2,true
rpl-5704834,0e3f6ca1-1cdd-5bcd-85a7-dd6361fe4715,1,false
rpl-5704834,a47f6876-54d4-5327-a8c5-e6809af95105,1,false
rpl-5714306,95583fa7-7eb2-511e-a3ae-9b0c0e2fec06,2,true
rpl-5714306,4928637f-2944-5105-92ae-3f7f02adcc56,1,false
rpl-5714306,6b72174e-139d-5e49-ac48-334148b1d51b,1,false
rpl-5714306,84695128-fd5a-5030-9765-02845b05db74,1,false
rpl-5714306,c8b0cc74-fe47-5d7a-b6a1-efddbec75ef5,1,false
rpl-5714306,e5052c0b-1602-55a9-9532-9fcff914d7b1,1,false
rpl-5705929,489b2100-a782-5f37-b9c3-64fd2eff42e5,2,true
rpl-5705929,2da4efda-50a5-54a4-9caa-c8a66eb88905,1,false
rpl-5705929,5773c2c5-c731-5eca-b65e-1caaff91565c,1,false
rpl-5705929,fc603eb5-b6e2-5f8c-b97c-c4e408ad1e5e,1,false
rpl-5712129,7010e5cd-b9d9-5334-b222-ac12e067a837,2,true
rpl-5712129,9803bcbf-35bd-5cf2-b8a5-545cb55e91d5,1,false
rpl-5712129,a7632ffe-9221-58a2-b647-e389259a843f,1,false
rpl-5712129,f8459d2f-4a16-59f7-920b-ec540f5896e1,1,false
rpl-5716706,9e709b61-0b9b-515f-b978-907664cbdd92,2,true
rpl-5716706,e81a7c51-cc09-56c0-8afe-fbe8ba318034,1,false
rpl-5716896,44c9a54c-3333-5034-9c0f-828277e83113,2,true
rpl-5716896,41676cc1-03e5-554d-b5d6-e06d9c17b86a,1,false
rpl-5719234,856f43f1-93b0-5d85-a3ab-aa0b2b4056d8,2,true
rpl-5719234,33942ab2-97f2-5248-962c-a5e81c538c33,1,false
rpl-5718621,149cedea-a8c3-5f28-85e6-d98bb6e91138,2,true
rpl-5718621,2232280e-73cd-58b6-b57b-5f70cee4ca9b,1,false
rpl-5718621,7e04ae45-2d65-5072-a932-400dd975eafa,1,false
rpl-5720744,8f6e4da6-f536-525a-b1b9-1101cc834b28,2,true
rpl-5720744,60dcab93-89fa-514c-bc40-8185eece3b3d,1,false
rpl-5720744,d9e9056b-43f6-5380-b5fb-5a4e441c6c7e,1,false
rpl-5720744,f66ebb97-bb97-56c4-a262-878e02e55156,1,false
rpl-5721507,fd266bd8-eede-5d16-840b-91e8ee06f4bb,2,true
rpl-5721507,3f6ac868-c3a0-5c45-93c6-1731d6b49040,1,false
rpl-5721507,3ff99cf3-4da6-5477-9a8f-3cd94264af21,1,false
rpl-5721507,84c5c9c7-a8cc-54e0-9abd-4bd9af2926dd,1,false
rpl-5722303,a384a410-e6f7-5c63-8e1a-ea9ea403152a,2,true
rpl-5722303,10b4f238-f38e-50f3-96c5-29ca8b3fa9b1,1,false
rpl-5722303,1c6b8c08-2585-58e6-8cbb-d777cab14780,1,false
rpl-5722303,b743c3d5-dd5a-536c-a550-8c0e68a0acdc,1,false
rpl-5722951,fd478de8-3df1-551b-a8ea-2fbd3b5fe7c1,2,true
rpl-5722951,2ae6c919-7da7-5b8a-a1a3-0ca70d1898de,1,false
rpl-5723096,149cedea-a8c3-5f28-85e6-d98bb6e91138,2,true
rpl-5723096,2232280e-73cd-58b6-b57b-5f70cee4ca9b,1,false
rpl-5723096,eb70c064-0be8-59b1-8da8-aba0c3c56e7b,1,false
rpl-5719788,826889b6-6ca8-5bb6-a36e-b8b09375b53c,2,true
rpl-5719788,8fa5d919-b626-59c8-8fc9-b68de5f34840,1,false
rpl-5719788,d0102555-f0b0-571b-986a-bf04b3f07901,1,false
rpl-5719788,eb1f129a-bd53-5787-bf12-c2fbda91984a,1,false
rpl-5726517,682af0d9-ebef-51ba-98cf-e8cd18ebd2ac,2,true
rpl-5726517,6d069e6e-28e9-5905-8f37-6e8243f65dd4,1,false
rpl-5719362,67c18052-5e85-58c2-b9cb-c64fb9b52ebb,2,true
rpl-5719362,2b434c87-b724-53e7-92e9-3f9de9f91234,1,false
rpl-5719362,93ced770-01d0-5f47-808c-9e3033c251d9,1,false
rpl-5719362,ab2f4267-806d-5963-b0f5-d0c6824adaa1,1,false
rpl-5719362,df7af3c4-3bf2-50d1-8621-c2f819330549,1,false
rpl-5729044,f66ebb97-bb97-56c4-a262-878e02e55156,2,true
rpl-5729044,8f6e4da6-f536-525a-b1b9-1101cc834b28,1,false
rpl-5729044,9cb592d1-929c-5561-a38e-70770671a7f5,1,false
rpl-5730203,d0102555-f0b0-571b-986a-bf04b3f07901,2,true
rpl-5730203,71ddc904-b46b-5c9a-8498-f44f19921e27,1,false
rpl-5730203,f3147c14-bcdd-5d39-8c50-bbb07dc1fb19,1,false
rpl-5730203,f324e132-bbd3-54da-83b3-f80d7e2b4c09,1,false
rpl-5686581,1e9a2592-b716-57cf-a167-70595e18188a,2,true
rpl-5686581,84c1b203-fbd6-56f2-b64b-f9c6635d098d,1,false
rpl-5686581,dca8dfe5-9187-5691-b2a4-e7b84a79db0e,1,false
rpl-5725576,8ed8b70a-a150-5298-b276-ec086c774e18,2,true
rpl-5725576,e8398240-1361-5eff-bc22-898d529bd357,1,false
rpl-5731761,0b135f8f-9c78-50c1-8e8d-cc58e79488be,2,true
rpl-5731761,7ad1de5a-776c-5d05-a3ab-dcc9a0d0fb01,1,false
rpl-5734148,892ae04c-af6b-5c3c-9533-f45db3460496,2,true
rpl-5734148,5ccb6f6d-38e0-5424-8afc-95ff93ae2a64,1,false
rpl-5734148,7670f8a4-c96b-572f-a86f-dcc165563230,1,false
rpl-5734148,9eb372cf-2286-5bdc-874b-a5f1d217dad1,1,false
rpl-5734148,d04ada44-805c-5ba9-bee4-7d0e70ca0a5d,1,false
rpl-5734148,e6d8a44c-9bcd-5330-b49d-b56f63e06b78,1,false
rpl-5734148,f27783b5-a282-5b96-bff8-5fedb60cee40,1,false
rpl-5734148,f324e132-bbd3-54da-83b3-f80d7e2b4c09,1,false
rpl-5735902,976983ae-8058-5693-ba73-ac64c6ea7a76,2,true
rpl-5735902,8c48958a-98cd-5477-9531-bc747d1da2ce,1,false
rpl-5731049,63f4f84a-32f4-5802-9c91-77d31a63ac4b,2,true
rpl-5731049,d477a8f1-8903-51e3-83a9-b7075764ae77,1,false
rpl-5733607,1d0e8324-0bdd-5a42-8b73-97b8009e74f1,2,true
rpl-5733607,9803bcbf-35bd-5cf2-b8a5-545cb55e91d5,1,false
rpl-5734969,6ce80aff-ff89-5353-a21f-77ce2d750fe1,2,true
rpl-5734969,3be706bb-435f-5e37-aaa1-2734c2774ea9,1,false
rpl-5737034,600d35ea-8a3b-52db-93fe-006e99d6f82b,2,true
rpl-5737034,8ec0c423-b418-5bf9-8d86-7a7041c9523f,1,false
rpl-5737034,f230b1d3-4a32-554f-a2fd-143b12a7d277,1,false
rpl-5737610,600d35ea-8a3b-52db-93fe-006e99d6f82b,2,true
rpl-5737610,75bea16d-eee8-51d4-a396-4b0e27871de9,1,false
rpl-5737610,8ec0c423-b418-5bf9-8d86-7a7041c9523f,1,false
rpl-5737610,f230b1d3-4a32-554f-a2fd-143b12a7d277,1,false
rpl-5737674,600d35ea-8a3b-52db-93fe-006e99d6f82b,2,true
rpl-5737674,75bea16d-eee8-51d4-a396-4b0e27871de9,1,false
rpl-5737674,f230b1d3-4a32-554f-a2fd-143b12a7d277,1,false
rpl-5738844,600d35ea-8a3b-52db-93fe-006e99d6f82b,2,true
rpl-5738844,75bea16d-eee8-51d4-a396-4b0e27871de9,1,false
rpl-5738844,f230b1d3-4a32-554f-a2fd-143b12a7d277,1,false
rpl-5739355,339f080d-165d-53ac-aa66-9fb629505bbc,2,true
rpl-5739355,e46c85b5-a8fb-5885-8af2-60d426c9d89e,1,false
rpl-5739355,f124dc07-5b3e-528d-9b97-f71feaf75b22,1,false
rpl-5738184,c43e0bef-049b-50cf-8bd1-05254c8abf37,2,true
rpl-5738184,12d8ffdd-f231-5b38-87b8-b4c5912313c3,1,false
rpl-5739261,6f0ba877-6632-5402-99c0-66e7f6d37aa4,2,true
rpl-5739261,22b71a09-eefc-5faf-a3ce-3d0dabcffd7c,1,false
rpl-5739261,36c3785e-eb23-544f-988c-5b1194853742,1,false
rpl-5739261,bb97b022-bd5c-57f8-a354-31449c92ae71,1,false
rpl-5731481,301e4313-2481-5c57-830f-17b4d7e9d579,2,true
rpl-5731481,3cb5b90a-d5b6-5d23-b95e-d7fd5672891d,1,false
rpl-5731481,50f7e061-2e5c-5838-a051-0e97cd660627,1,false
rpl-5731481,e3df3ba3-7b4f-545f-88f3-ac95ab63a4c1,1,false
rpl-5731481,eb966ae7-b0a8-5cf3-bb18-12d568c3a64e,1,false
rpl-5731481,f5429fd7-8fe3-5059-8db1-9b3c69ddce44,1,false
rpl-5737814,8ec0c423-b418-5bf9-8d86-7a7041c9523f,2,true
rpl-5737814,eac3ce1c-45aa-59d6-9696-089a75099f70,1,false
rpl-5741098,0fc0c40a-bb32-5620-b9fc-3df837f4c846,2,true
rpl-5741098,1a6c9e96-ac0c-53e4-ae0a-02f33745326a,1,false
rpl-5741098,34924a23-7ff8-55cd-a7c7-cae8d8323806,1,false
rpl-5741098,84c5c9c7-a8cc-54e0-9abd-4bd9af2926dd,1,false
rpl-5741098,85344757-952d-52e6-ae78-408d43756188,1,false
rpl-5741098,b36a2d23-643b-581d-bdce-644a155f4350,1,false
rpl-5741098,ff0f46db-e2c4-572a-9144-476427536aad,1,false
rpl-5742114,a21f9a87-b0e2-5053-ae06-458891d5f5fb,2,true
rpl-5742114,206a29b9-191d-5357-b8fa-7441e628c42d,1,false
rpl-5743395,bf22e319-9a88-5e3a-95a8-52d08f35ee87,2,true
rpl-5743395,361e49fd-fb75-5461-9298-98c48fda9c8d,1,false
rpl-5743395,58451163-10bc-5bd6-9668-b27970051032,1,false
rpl-5743395,714fb830-8392-5808-b45c-af31332c6e4e,1,false
rpl-5743395,e0018fee-a91a-5264-9553-8178ff994ae4,1,false
rpl-5737759,efac5c4f-154a-587f-b48c-f4a315bf1d14,2,true
rpl-5737759,50c637d1-5664-56bb-b701-6387b779e0b6,1,false
rpl-5738301,58ea083e-b088-54c1-98aa-3282ac84ec58,2,true
rpl-5738301,89ad795d-d705-5942-9ed1-7adf6d75b9b5,1,false
rpl-5738301,9024bf07-0dfc-567e-843b-370b44f11954,1,false
rpl-5739474,caa403b1-270d-5c51-a58e-ba2032f8a834,2,true
rpl-5739474,004efcf8-c7a4-5bce-b54f-2d98483fa00a,1,false
rpl-5739474,8a0ecb53-f03c-5f01-a926-e88d0070fc22,1,false
rpl-5739474,bd760a65-0e28-56e0-aa34-44e54b23d2ae,1,false
rpl-5746047,206a29b9-191d-5357-b8fa-7441e628c42d,2,true
rpl-5746047,f7ee1df2-df31-54d2-a100-84214802799d,1,false
rpl-5746153,be14dc45-3ca9-5b67-a0b2-d4f24f8f6c25,2,true
rpl-5746153,fa0a9242-4214-54b9-9187-2b67465c1019,1,false
rpl-5746406,86357230-e399-55b3-8886-66011e5ef3bc,2,true
rpl-5746406,473212bf-034f-5f18-8f7c-82cf1d6e473a,1,false
rpl-5728534,7333fc7b-b5d3-5773-9e76-9f97c178db53,2,true
rpl-5728534,8774f223-7342-515d-aab8-86bb372db5fd,1,false
rpl-5728534,eb597996-3449-5d5f-a355-87abbd44e4a8,1,false
rpl-5747338,d36d732e-245c-5115-8c46-f8166075b89e,2,true
rpl-5747338,6f8e9a0d-d1af-558e-b6b1-3763d15a2817,1,false
rpl-5747338,eb35a0ea-4e29-525d-990b-829f219843c2,1,false
rpl-5750694,0e2b58cd-3add-5c13-9ba1-53188c7ffd85,2,true
rpl-5750694,4145589d-0329-51f5-bac0-51a6be154e29,1,false
rpl-5750694,42450fad-85fc-52bc-81ad-b66e5f6da27a,1,false
rpl-5750694,e13b5388-9a62-5a9a-84b5-923d88947194,1,false
rpl-5749559,0fc0c40a-bb32-5620-b9fc-3df837f4c846,2,true
rpl-5749559,1a6c9e96-ac0c-53e4-ae0a-02f33745326a,1,false
rpl-5749559,84c5c9c7-a8cc-54e0-9abd-4bd9af2926dd,1,false
rpl-5749559,b36a2d23-643b-581d-bdce-644a155f4350,1,false
rpl-5749559,ff0f46db-e2c4-572a-9144-476427536aad,1,false
rpl-5749585,e51e65fb-c5db-5778-9d40-a26b2094ace2,2,true
rpl-5749585,406c11e9-fb26-5b8c-97ed-6d176262b1b8,1,false
rpl-5751632,536fb661-663a-5cb1-bd26-2c79d895ed6e,2,true
rpl-5751632,0a29bae8-c710-5164-a53c-e0a195b75a5a,1,false
rpl-5751632,c262513b-fad4-5a7b-b190-67bc080a60f5,1,false
rpl-5753128,05dde666-1526-58a2-a2cd-8c0fefeb711e,2,true
rpl-5753128,4390e491-8c49-5448-84a1-a1e8555fa21e,1,false
rpl-5754097,43ceaf5c-8d22-5af7-9625-a81f17a45dd0,2,true
rpl-5754097,e8d99f52-e113-5e42-8c89-916ac8feeb03,1,false
rpl-5754626,4ff23197-3017-57e4-a932-29e9e7d84616,2,true
rpl-5754626,711ca8af-0b6e-518f-af60-e2b182907b5d,1,false
rpl-5754626,c326dafc-0810-5872-b8d5-64a4f9acab7f,1,false
rpl-5754626,d2fd69f0-0e03-500e-9c14-7622aee0735a,1,false
rpl-5757200,bdefdbe0-e083-5d39-9e91-251abac73b12,2,true
rpl-5757200,3de6fcd8-d25b-5471-8050-04b8cda19ca4,1,false
rpl-5757200,528fcde2-10c3-595d-aac0-0348efced071,1,false
rpl-5757200,afef3595-a5ad-5c23-8933-2f7b703f59f1,1,false
rpl-5757265,bef468b5-9a17-5062-9d62-2a184b300104,2,true
rpl-5757265,5fcad213-b0f6-5e50-9fdd-78fd03aa4695,1,false
rpl-5757072,3a2c8695-be6b-5666-8014-91ef64f6fbd0,2,true
rpl-5757072,05374052-ebc0-5724-aeaf-387f9933e321,1,false
rpl-5757072,1efcf4ac-c05f-5be6-8bdd-dd3ce8af27fe,1,false
rpl-5757072,2bb3b7f2-f462-58b4-b8ef-978e7fab7afd,1,false
rpl-5757072,7d60b640-a3c1-514d-a07c-21f375aebda9,1,false
rpl-5757072,8c655fb9-999d-53d8-9a73-55f7df1e897f,1,false
rpl-5757072,9e90908b-ab60-590c-b765-f061a0550f1c,1,false
rpl-5754461,d547e9b2-b974-550c-a596-38f446e761a3,2,true
rpl-5754461,04e2fa5f-6784-5b4d-8f41-c838b0981e5a,1,false
rpl-5754461,3c655d0a-685e-5612-bfa4-7d095a6c22d0,1,false
rpl-5754461,dd89c51f-d63c-5a89-a719-a12731dc74c2,1,false
rpl-5757354,8ec0c423-b418-5bf9-8d86-7a7041c9523f,2,true
rpl-5757354,3e369e1a-5aa3-5b90-b172-2d886f8b97b7,1,false
rpl-5757354,75bea16d-eee8-51d4-a396-4b0e27871de9,1,false
rpl-5767213,0966d2f7-e649-5eb5-89d2-7021c75b096b,2,true
rpl-5767213,1de4f9dd-62d7-54aa-888d-93c6e47984fe,1,false
rpl-5767213,6b72174e-139d-5e49-ac48-334148b1d51b,1,false
rpl-5767213,a4fb2d57-f673-5540-989e-2ee27949155b,1,false
rpl-5768050,e9946b71-d575-52e4-8480-4f1ceb331f29,2,true
rpl-5768050,70dc0f06-d247-5fcd-8f4b-0995f3439832,1,false
rpl-5768485,b27c4d66-3e34-5286-a863-869f39718903,2,true
rpl-5768485,2120a485-9775-5f4c-9427-20d363554724,1,false
rpl-5768485,530d3b94-de04-54d0-a0bc-6ba6227725db,1,false
rpl-5768959,58ea083e-b088-54c1-98aa-3282ac84ec58,2,true
rpl-5768959,402feeda-7446-5c49-99d0-adf9ac282f39,1,false
rpl-5768959,9024bf07-0dfc-567e-843b-370b44f11954,1,false
rpl-5768316,b27c4d66-3e34-5286-a863-869f39718903,2,true
rpl-5768316,89ad795d-d705-5942-9ed1-7adf6d75b9b5,1,false
rpl-5768316,d9e9056b-43f6-5380-b5fb-5a4e441c6c7e,1,false
rpl-5771198,7a74c6d1-0c6d-5393-ba8d-74b0efde437f,2,true
rpl-5771198,af0bc209-6f19-5a9c-a5c6-1c0f5bb60cf9,1,false
rpl-5772673,d781c532-95d2-5efb-b722-4e9b6c9dbd95,2,true
rpl-5772673,bd13af95-cbde-5e2d-a7a6-1ddc9eb63b41,1,false
rpl-5772673,bf6bc3bf-499c-5359-8502-30bb2069c47a,1,false
rpl-5772673,e8e12185-3b13-5f65-80e6-7f926f033a3b,1,false
rpl-5773176,6ff0eae1-af88-5f15-90e9-9b1acd67dff8,2,true
rpl-5773176,91cb62a9-6d61-568c-ab30-0eaf9850d2c8,1,false
rpl-5763533,f36607cc-2107-5771-b93b-61ac7244a8a9,2,true
rpl-5763533,63f4f84a-32f4-5802-9c91-77d31a63ac4b,1,false
rpl-5763533,92239f8c-d4a2-5751-aeb0-6d0e10c6c107,1,false
rpl-5759913,944ac334-6e2d-5b19-8264-e7a925d20dbe,2,true
rpl-5759913,4d9b71c9-d046-5dcc-a62a-d9dcd08ccd98,1,false
rpl-5765203,ca808b9f-83d0-5055-a056-3130f17d0c8d,2,true
rpl-5765203,3c9d2a24-9237-553b-b37c-bb339f5abfd2,1,false
rpl-5765203,6b72174e-139d-5e49-ac48-334148b1d51b,1,false
rpl-5765203,84695128-fd5a-5030-9765-02845b05db74,1,false
rpl-5768677,be1f1d37-ebd0-5c46-8194-d95e763f211c,2,true
rpl-5768677,a7146b9b-2e8a-50f8-8d57-10847442eb1c,1,false
rpl-5777177,b7d64842-3c69-50fe-a917-76a6adf72a1d,2,true
rpl-5777177,bdc3b80a-5e42-519a-9fc0-5e758acd7b14,1,false
rpl-5778506,b27c4d66-3e34-5286-a863-869f39718903,2,true
rpl-5778506,0a9d8f1f-17b0-5a63-8bf1-03d258008d0c,1,false
rpl-5778307,eac3ce1c-45aa-59d6-9696-089a75099f70,2,true
rpl-5778307,86587155-11ca-51d0-a955-6c27a98372f2,1,false
rpl-5778307,8ec0c423-b418-5bf9-8d86-7a7041c9523f,1,false
rpl-5779437,0a4be855-c09f-563a-a900-6ea33b9f1201,2,true
rpl-5779437,4ff23197-3017-57e4-a932-29e9e7d84616,1,false
rpl-5771663,4749eba4-5a32-5043-91a2-3c168b508d76,2,true
rpl-5771663,3709a532-eb9f-53f2-97c0-348589da3f43,1,false
rpl-5771663,3a681596-872c-5110-8870-49539721dfd9,1,false
rpl-5771663,9deaf645-1e69-5a09-8fd4-07b20a20d558,1,false
rpl-5771663,ce27623e-e136-5490-ba88-f683fa7e318f,1,false
rpl-5773066,baf66eeb-a7cd-517a-8626-1bff7ee923cc,2,true
rpl-5773066,0817c166-a4cf-5f71-b4b4-a2be0d97b144,1,false
rpl-5773066,30e451af-8ee1-58f9-9e53-58d7ec490ce6,1,false
rpl-5773066,c6f74fad-47e7-5796-94db-80c92615d36c,1,false
rpl-5773066,f7f51ddd-3a32-5621-8633-b8dfb6f73ad5,1,false
rpl-5778182,d79b8b8c-3396-51dd-9a5c-95cbe95cd96c,2,true
rpl-5778182,67bda28c-33db-5346-bef0-4a13594c00d3,1,false
rpl-5778182,896cbfd6-7d6c-5354-8feb-365caa3f0256,1,false
rpl-5778525,66c17ed7-4a90-5bb1-9b78-6b48e494274f,2,true
rpl-5778525,0333b2d7-b557-5e1e-aabb-254065157c1f,1,false
rpl-5780601,02d5766a-3c96-5edc-9aab-8083b4f1fa6c,2,true
rpl-5780601,c70b2938-9b07-54c7-a60a-7b545a2ea441,1,false
rpl-5780798,e1e363d4-2183-5996-99b1-706e638fa13e,2,true
rpl-5780798,1cb8e32f-49da-5051-bb75-5fe9d77ae284,1,false
rpl-5780798,6197119b-1822-575c-8ca0-c2ee3e75dcc8,1,false
rpl-5780798,8f22c8fb-2be6-5ab1-bfba-96f00f6ff9a8,1,false
rpl-5780798,a26228d1-e16a-5779-8d4a-d5d51de95c5a,1,false
rpl-5780798,d0a49959-78a7-5678-b712-ae7020be1368,1,false
rpl-5781919,eb70c064-0be8-59b1-8da8-aba0c3c56e7b,2,true
rpl-5781919,149cedea-a8c3-5f28-85e6-d98bb6e91138,1,false
rpl-5776309,efbb7073-a59c-5fb8-90af-dd1f940c0f03,2,true
rpl-5776309,33f898eb-a6a7-5210-8a1d-502c13fefd40,1,false
rpl-5781214,731386ec-9477-553e-9e05-e31dc30d4a89,2,true
rpl-5781214,dd326f96-1a5f-5cc5-b7d0-d4266bab6f23,1,false
rpl-5784398,693606e7-c2d3-5ef4-a36b-9e2800e4542e,2,true
rpl-5784398,c9d5cd82-6993-5b5b-94a5-71b56f61f446,1,false
rpl-5784398,d9b1a8d4-afcc-541e-a47e-86c2eaf4d64f,1,false
rpl-5782178,f766be5b-3d47-5b7e-a9fa-8f7b878b7ac2,2,true
rpl-5782178,1d67356d-50e1-5dd2-9e8c-00106acccc34,1,false
rpl-5752394,79f6bda4-1ab2-5824-8cc6-7fd349bc344b,2,true
rpl-5752394,a26228d1-e16a-5779-8d4a-d5d51de95c5a,1,false
rpl-5780922,755ba74a-fd3e-574e-abed-d1a6ea3841f3,2,true
rpl-5780922,a7f89352-b945-5b12-9734-7ae2a6e3bd3c,1,false
rpl-5780922,ae910058-6ca7-50c1-9bd4-6e6d0ed04102,1,false
rpl-5780922,f609f380-154c-54ad-912f-d3006b82e6c5,1,false
rpl-5786484,ea7e2cba-4fb8-50da-8814-f1b5a66d0d83,2,true
rpl-5786484,439eaee8-412d-56e5-8368-158a730aff13,1,false
rpl-5786484,79dadd99-9609-5d62-acab-f0a35d189f9d,1,false
rpl-5786484,86a9a69d-ae9c-533c-86e9-7aa92ecad7f9,1,false
rpl-5785470,b26b884b-e59f-58aa-80c8-46a7eef24cfa,2,true
rpl-5785470,2e90e051-170c-53b4-a503-5d33ce28eedb,1,false
rpl-5785470,3c9d2a24-9237-553b-b37c-bb339f5abfd2,1,false
rpl-5785470,4749eba4-5a32-5043-91a2-3c168b508d76,1,false
rpl-5785470,aba89309-551c-54c3-9935-66e3bf131fa8,1,false
rpl-5787638,4c2dfc11-d23e-591c-9878-0a52ceed7cf6,2,true
rpl-5787638,5ea1fbb7-d4bd-57aa-a1bd-3cab6a23469e,1,false
rpl-5787638,ad4cdfbd-078f-5e16-b04c-bf61b867ccc0,1,false
rpl-5787770,6ff0eae1-af88-5f15-90e9-9b1acd67dff8,2,true
rpl-5787770,397a54d3-309c-5e4a-95c3-2559124afea5,1,false
rpl-5787770,3dfd4ad7-88c5-5df3-80de-64e9f4c448ce,1,false
rpl-5787770,5868871f-daba-512b-9461-06047a3e1de1,1,false
rpl-5787770,5bb8bbf7-ba7d-5d19-80ca-b49640482d71,1,false
rpl-5787770,6197119b-1822-575c-8ca0-c2ee3e75dcc8,1,false
rpl-5787770,a60a4dda-6def-59c1-a1c0-8750a2949967,1,false
rpl-5787770,ae96ee83-45b8-53cd-aeb5-a8ea1aa6319a,1,false
rpl-5787770,f32dbdd7-c501-5744-8303-283969c030dd,1,false
rpl-5788325,9dd2b68b-60f2-5049-a650-161d6162c2d8,2,true
rpl-5788325,2116253c-048b-579b-bcb5-a6737a4c7886,1,false
rpl-5789582,d8e25a59-1137-5906-9e0a-736356d7f5d2,2,true
rpl-5789582,6b72174e-139d-5e49-ac48-334148b1d51b,1,false
rpl-5789582,a464e816-243f-51b7-bb1d-9be2e2a85401,1,false
rpl-5789582,a66e968f-0854-5cda-bb1c-38b2c3421922,1,false
rpl-5789582,a6706aa2-586f-53d4-aab2-9aa2b04511f7,1,false
rpl-5789582,b0ad8d3d-3649-5e63-b2d3-ed5ee0cce5e2,1,false
rpl-5789582,c8b0cc74-fe47-5d7a-b6a1-efddbec75ef5,1,false
rpl-5789582,f223ff63-c7db-5945-a7e0-fb21076f9a13,1,false
rpl-5785211,7ca1a0cb-2366-5785-9ca3-77883dde1acc,2,true
rpl-5785211,c70b2938-9b07-54c7-a60a-7b545a2ea441,1,false
rpl-5790698,c98afd26-1f0a-53e5-898b-d1ab8bbd0b46,2,true
rpl-5790698,149cedea-a8c3-5f28-85e6-d98bb6e91138,1,false
rpl-5790698,17256ed0-1b8e-5855-8b04-d765e5f3da0b,1,false
rpl-5793748,5208c1cd-8457-57ab-91a9-fb238c73c7f9,2,true
rpl-5793748,149cedea-a8c3-5f28-85e6-d98bb6e91138,1,false
rpl-5793748,f87846ff-8cc7-5f17-ba81-3e54a1b73c7d,1,false
rpl-5794714,149cedea-a8c3-5f28-85e6-d98bb6e91138,2,true
rpl-5794714,fc59297e-318f-5a9c-a0db-974912946dd5,1,false
rpl-5792083,bdba11c7-ac9f-5245-afb7-f0c7b4308c58,2,true
rpl-5792083,916bd7cc-63f8-54ce-9958-43c5730075a8,1,false
rpl-5796442,c6ac5819-cf4c-50a5-8f54-96f5eccd69a7,2,true
rpl-5796442,80a312c1-0dbc-57c7-9c83-53533b658ed1,1,false
rpl-5797443,d0102555-f0b0-571b-986a-bf04b3f07901,2,true
rpl-5797443,5a49b319-2f35-5cde-9010-ca3d63df8d9d,1,false
rpl-5797443,71ddc904-b46b-5c9a-8498-f44f19921e27,1,false
rpl-5797443,f2962678-cada-54ae-afe1-c00d1bc95eb7,1,false
rpl-5797443,f324e132-bbd3-54da-83b3-f80d7e2b4c09,1,false
rpl-5782971,912643cf-7dc9-5c1e-9211-dd1d35e0ae35,2,true
rpl-5782971,695a55af-15c7-594c-83e3-a08e16383200,1,false
rpl-5782971,a60a4dda-6def-59c1-a1c0-8750a2949967,1,false
rpl-5782971,e3df3ba3-7b4f-545f-88f3-ac95ab63a4c1,1,false
rpl-5784534,6b9eb475-74fb-5dc3-a4ad-7bf7afbd96b8,2,true
rpl-5784534,496a6802-d2c7-56d3-baee-e4759adb062c,1,false
rpl-5784534,6b72174e-139d-5e49-ac48-334148b1d51b,1,false
rpl-5784534,7a00d80a-587a-5bec-8900-b436c00a4279,1,false
rpl-5801857,d0102555-f0b0-571b-986a-bf04b3f07901,2,true
rpl-5801857,2e03f14b-fa02-53a3-8c70-5ebe41c31f0a,1,false
rpl-5801857,d30573fb-3c80-5b86-bc07-2d6f2cf45ef1,1,false
rpl-5803248,826889b6-6ca8-5bb6-a36e-b8b09375b53c,2,true
rpl-5803248,d0102555-f0b0-571b-986a-bf04b3f07901,1,false
rpl-5803248,eb1f129a-bd53-5787-bf12-c2fbda91984a,1,false
rpl-5803248,f9806254-07e1-553f-8248-90e05321018e,1,false
rpl-5803248,ff9ba21f-34c0-5055-b6c4-a5fb100e187a,1,false
rpl-5803418,826889b6-6ca8-5bb6-a36e-b8b09375b53c,2,true
rpl-5803418,d0102555-f0b0-571b-986a-bf04b3f07901,1,false
rpl-5803418,eb1f129a-bd53-5787-bf12-c2fbda91984a,1,false
rpl-5803418,f9806254-07e1-553f-8248-90e05321018e,1,false
rpl-5803418,ff9ba21f-34c0-5055-b6c4-a5fb100e187a,1,false
rpl-5801863,9122535a-2258-5640-8266-2837038e1324,2,true
rpl-5801863,5b4520fc-f497-5911-8a95-7968a3c16d12,1,false
rpl-5801863,6197119b-1822-575c-8ca0-c2ee3e75dcc8,1,false
rpl-5801863,7a822b6e-15d1-5fed-83b7-932a026bef5c,1,false
rpl-5801863,a60a4dda-6def-59c1-a1c0-8750a2949967,1,false
rpl-5801863,aaeed236-244e-5e06-9d6a-a5185c9d89c1,1,false
rpl-5801863,b0ad4ac2-615d-5c5b-8ad1-98832fd13faa,1,false
rpl-5801863,f32dbdd7-c501-5744-8303-283969c030dd,1,false
rpl-5803747,c2106bfa-6272-58c1-9d9e-b26862da576a,2,true
rpl-5803747,c6898b99-666f-5ad6-9944-e3f0b1614815,1,false
rpl-5803747,e5d4a6f3-0ec2-5cd7-81b5-c79c0943451b,1,false
rpl-5806019,587bac35-4294-50b4-88b4-5b8376755506,2,true
rpl-5806019,c03e9270-98e4-5df6-b74f-0b84c36212c6,1,false
rpl-5806845,01abde83-7490-5d4e-8011-3c753befdbda,2,true
rpl-5806845,86357230-e399-55b3-8886-66011e5ef3bc,1,false
rpl-5806845,b0207d73-bddc-5550-930f-8b19f8991be9,1,false
rpl-5807519,826889b6-6ca8-5bb6-a36e-b8b09375b53c,2,true
rpl-5807519,d0102555-f0b0-571b-986a-bf04b3f07901,1,false
rpl-5807519,eb1f129a-bd53-5787-bf12-c2fbda91984a,1,false
rpl-5807519,ed2c3577-130c-512f-b094-cc6965f20d98,1,false
rpl-5807519,f9806254-07e1-553f-8248-90e05321018e,1,false
rpl-5807555,05374052-ebc0-5724-aeaf-387f9933e321,2,true
rpl-5807555,1de4f9dd-62d7-54aa-888d-93c6e47984fe,1,false
rpl-5807555,2207c032-1402-5892-8609-c91cb32a08a2,1,false
rpl-5807555,4ac5a289-2063-52e5-9df0-39047cdbd833,1,false
rpl-5807555,6197119b-1822-575c-8ca0-c2ee3e75dcc8,1,false
rpl-5807555,6b72174e-139d-5e49-ac48-334148b1d51b,1,false
rpl-5807555,a4fb2d57-f673-5540-989e-2ee27949155b,1,false
rpl-5807555,e8a3a01e-d1a6-59ab-8f75-5a0390d6d581,1,false
rpl-5734786,d0102555-f0b0-571b-986a-bf04b3f07901,2,true
rpl-5734786,b17fea95-4945-5670-a03c-d6af4b683291,1,false
rpl-5734786,ce476cbd-4bc6-5746-bee1-0ef607bfb1d4,1,false
rpl-5734786,f324e132-bbd3-54da-83b3-f80d7e2b4c09,1,false
rpl-5781867,4384d71f-91b6-5187-9450-0455d330b41a,2,true
rpl-5781867,3c9d2a24-9237-553b-b37c-bb339f5abfd2,1,false
rpl-5808198,165cdc73-ba33-5416-b206-bcd82fced66e,2,true
rpl-5808198,8b6a9a27-2d88-59ae-b299-25917aa7872a,1,false
rpl-5810234,65070a03-1d88-5bfb-a6af-d842cec386df,2,true
rpl-5810234,6c136e48-4d0a-5f8f-83a0-53b585691c3b,1,false
rpl-5811284,ef57cefb-d7f1-5eea-b5ad-7341030e63fd,2,true
rpl-5811284,149cedea-a8c3-5f28-85e6-d98bb6e91138,1,false
rpl-5811284,1cebabb6-f8b4-5519-afe7-18f00a52eaed,1,false
rpl-5811284,c98afd26-1f0a-53e5-898b-d1ab8bbd0b46,1,false
rpl-5811284,eb70c064-0be8-59b1-8da8-aba0c3c56e7b,1,false
rpl-5797230,80a70caa-36de-5c2f-9a92-d125f5ad7c7f,2,true
rpl-5797230,0c95624c-9376-50ef-8edd-0f7fa8ce6d4d,1,false
rpl-5797230,b9e74b92-3e81-5a66-8d98-d63c268644b7,1,false
rpl-5797230,dcda33f6-f326-579d-86c9-13460f78e3f2,1,false
rpl-5797435,80a70caa-36de-5c2f-9a92-d125f5ad7c7f,2,true
rpl-5797435,0c95624c-9376-50ef-8edd-0f7fa8ce6d4d,1,false
rpl-5797435,dcda33f6-f326-579d-86c9-13460f78e3f2,1,false
rpl-5797528,80a70caa-36de-5c2f-9a92-d125f5ad7c7f,2,true
rpl-5797528,0c95624c-9376-50ef-8edd-0f7fa8ce6d4d,1,false
rpl-5797528,dcda33f6-f326-579d-86c9-13460f78e3f2,1,false
rpl-5797528,f84fd762-4cbe-5238-b98f-fa30ee569141,1,false
rpl-5810367,8f6e4da6-f536-525a-b1b9-1101cc834b28,2,true
rpl-5810367,5ef3c9ab-a5bf-5e76-8e6f-c9c183843f9a,1,false
rpl-5810367,f66ebb97-bb97-56c4-a262-878e02e55156,1,false
rpl-5815399,2232280e-73cd-58b6-b57b-5f70cee4ca9b,2,true
rpl-5815399,149cedea-a8c3-5f28-85e6-d98bb6e91138,1,false
rpl-5815399,4885915f-2e5f-54bb-b2a7-c055e034c5db,1,false
rpl-5815399,7e04ae45-2d65-5072-a932-400dd975eafa,1,false
rpl-5815399,90ad9c63-7f71-586a-9a40-0fce36c68cf0,1,false
rpl-5812894,f324e132-bbd3-54da-83b3-f80d7e2b4c09,2,true
rpl-5812894,d0102555-f0b0-571b-986a-bf04b3f07901,1,false
rpl-5817374,898cca99-a21c-5e7c-a479-61d36f13a80a,2,true
rpl-5817374,2a215a2d-114c-5fab-ae49-c9ad04bff4b1,1,false
rpl-5763658,5421d65b-ab66-5659-98af-f47f06b5db8c,2,true
rpl-5763658,2120a485-9775-5f4c-9427-20d363554724,1,false
rpl-5818767,d0102555-f0b0-571b-986a-bf04b3f07901,2,true
rpl-5818767,f9806254-07e1-553f-8248-90e05321018e,1,false
rpl-5814879,ac9e774a-760b-53cf-abf9-ff290267fb9a,2,true
rpl-5814879,71172f24-7688-583f-a7b9-17b26f63f5f8,1,false
rpl-5814879,af0bf34b-c56f-5345-af40-045bdcd8eace,1,false
rpl-5814879,c899f208-9e8e-5052-9431-e6ff5714d3c2,1,false
rpl-5814879,e8e12185-3b13-5f65-80e6-7f926f033a3b,1,false
rpl-5814879,f37431ff-68c4-5d1a-a23d-198d2345818b,1,false
rpl-5814892,ac9e774a-760b-53cf-abf9-ff290267fb9a,2,true
rpl-5814892,c9fadc3e-e785-5c79-b87c-a2ab62845c2e,1,false
rpl-5815148,8f6e4da6-f536-525a-b1b9-1101cc834b28,2,true
rpl-5815148,5ef3c9ab-a5bf-5e76-8e6f-c9c183843f9a,1,false
rpl-5815148,f66ebb97-bb97-56c4-a262-878e02e55156,1,false
rpl-5819882,2232280e-73cd-58b6-b57b-5f70cee4ca9b,2,true
rpl-5819882,149cedea-a8c3-5f28-85e6-d98bb6e91138,1,false
rpl-5819882,1a2bcc11-deb6-5ff5-8b40-bedad9f4902d,1,false
rpl-5819882,43ed1c3d-adf3-5a21-a0c9-aafcbb252a7c,1,false
rpl-5819882,5208c1cd-8457-57ab-91a9-fb238c73c7f9,1,false
rpl-5819882,6d5a4a26-1e3d-50d3-91e9-9786101f2052,1,false
rpl-5819882,948b8680-d91e-5dbe-8d75-598177c23e8b,1,false
rpl-5819882,c98afd26-1f0a-53e5-898b-d1ab8bbd0b46,1,false
rpl-5819882,eb70c064-0be8-59b1-8da8-aba0c3c56e7b,1,false
rpl-5819882,ef57cefb-d7f1-5eea-b5ad-7341030e63fd,1,false
rpl-5819882,f03b234d-c58e-5ea7-9325-d9b9aca83bc2,1,false
rpl-5823639,84d12fdb-32d1-53d2-ae11-6fad5cbdd0a0,2,true
rpl-5823639,7852d820-a864-5414-9c27-7ca3df33ada8,1,false
rpl-5823639,826889b6-6ca8-5bb6-a36e-b8b09375b53c,1,false
rpl-5823639,eb1f129a-bd53-5787-bf12-c2fbda91984a,1,false
rpl-5823639,ff9ba21f-34c0-5055-b6c4-a5fb100e187a,1,false
rpl-5825024,905b9984-42d0-58eb-8a0b-364302fe5088,2,true
rpl-5825024,08c10d85-7ecc-555d-9ed8-98819cdfa7a4,1,false
rpl-5825024,093e5b2f-8f19-5102-b5c5-ac4b622e459e,1,false
rpl-5825024,6197119b-1822-575c-8ca0-c2ee3e75dcc8,1,false
rpl-5825024,98b42986-a6e9-503b-9512-79b0630fb3ee,1,false
rpl-5825024,f32dbdd7-c501-5744-8303-283969c030dd,1,false
rpl-5825024,f59edff4-1729-5a87-b0ec-9472f5ed9a66,1,false
rpl-5825350,b0ad8d3d-3649-5e63-b2d3-ed5ee0cce5e2,2,true
rpl-5825350,41436930-7efc-579e-8e27-ac5b99abfc90,1,false
rpl-5825350,d08c8267-9790-5a4b-8c11-086b8142b609,1,false
rpl-5824447,4f06f004-3497-5362-ab3d-56eb625a76aa,2,true
rpl-5824447,0e2f02fb-f330-505c-931c-b3d720516f95,1,false
rpl-5824447,24f98e78-6fbe-549e-99a7-9279a9e6e696,1,false
rpl-5824447,da87c2a0-6df3-5359-9c14-95c545c163dc,1,false
rpl-5826557,67bda28c-33db-5346-bef0-4a13594c00d3,2,true
rpl-5826557,d4e729db-f2df-5f6f-aad0-c7383d10ddb5,1,false
rpl-5827690,3dfd4ad7-88c5-5df3-80de-64e9f4c448ce,2,true
rpl-5827690,05374052-ebc0-5724-aeaf-387f9933e321,1,false
rpl-5827690,7d60b640-a3c1-514d-a07c-21f375aebda9,1,false
rpl-5830862,8ec0c423-b418-5bf9-8d86-7a7041c9523f,2,true
rpl-5830862,75bea16d-eee8-51d4-a396-4b0e27871de9,1,false
rpl-5830862,eac3ce1c-45aa-59d6-9696-089a75099f70,1,false
rpl-5830980,1301b014-5686-5cf6-9083-a4c72b442e24,2,true
rpl-5830980,5fa0b054-3c6f-55d8-9d3e-1aa68cf2ac4a,1,false
rpl-5830980,6b72174e-139d-5e49-ac48-334148b1d51b,1,false
rpl-5833477,eb70c064-0be8-59b1-8da8-aba0c3c56e7b,2,true
rpl-5833477,149cedea-a8c3-5f28-85e6-d98bb6e91138,1,false
rpl-5833477,5208c1cd-8457-57ab-91a9-fb238c73c7f9,1,false
rpl-5833477,f03b234d-c58e-5ea7-9325-d9b9aca83bc2,1,false
rpl-5835307,149cedea-a8c3-5f28-85e6-d98bb6e91138,2,true
rpl-5835307,2232280e-73cd-58b6-b57b-5f70cee4ca9b,1,false
rpl-5835307,7e04ae45-2d65-5072-a932-400dd975eafa,1,false
rpl-5835307,d237d65d-06c1-55ff-9cf2-d5737bb7d73f,1,false
rpl-5835307,ea46d0e9-8ac7-5a86-8e96-67759ee26b54,1,false
rpl-5835307,eb70c064-0be8-59b1-8da8-aba0c3c56e7b,1,false
rpl-5830357,5ef84416-9cf5-5554-97c1-189fa8c1cf5a,2,true
rpl-5830357,33c6c482-bc04-5dae-b9a7-aded5bea9515,1,false
rpl-5830357,b2c7811a-4645-5363-ab64-e7025f74d5de,1,false
rpl-5830357,c1d72a40-e7c4-5693-9bcf-b3d0a0c70a52,1,false
rpl-5830357,e2370145-98c3-5f57-97fd-043fe5247d45,1,false
rpl-5831560,5ef84416-9cf5-5554-97c1-189fa8c1cf5a,2,true
rpl-5831560,a6cb5824-980c-5f1e-b98a-636fa5a91fb2,1,false
rpl-5831560,c1d72a40-e7c4-5693-9bcf-b3d0a0c70a52,1,false
rpl-5831825,5ef84416-9cf5-5554-97c1-189fa8c1cf5a,2,true
rpl-5831825,38812ea2-1785-5fca-8c24-13ed11856ddf,1,false
rpl-5831825,b2c7811a-4645-5363-ab64-e7025f74d5de,1,false
rpl-5836671,18a7099a-ec48-581f-ae0a-0a4c3d590e99,2,true
rpl-5836671,5c874dcd-b35e-5483-99b8-1ce422c5b904,1,false
rpl-5836671,a5c03e6f-ff44-519a-bfb5-5d7246dc162e,1,false
rpl-5836671,b2c7811a-4645-5363-ab64-e7025f74d5de,1,false
rpl-5836732,18a7099a-ec48-581f-ae0a-0a4c3d590e99,2,true
rpl-5836732,b2c7811a-4645-5363-ab64-e7025f74d5de,1,false
rpl-5836863,18a7099a-ec48-581f-ae0a-0a4c3d590e99,2,true
rpl-5836863,5c874dcd-b35e-5483-99b8-1ce422c5b904,1,false
rpl-5836863,b2c7811a-4645-5363-ab64-e7025f74d5de,1,false
rpl-5836867,18a7099a-ec48-581f-ae0a-0a4c3d590e99,2,true
rpl-5836867,b2c7811a-4645-5363-ab64-e7025f74d5de,1,false
rpl-5827329,6de815c8-0327-53f0-952e-780e83dd35a4,2,true
rpl-5827329,94c012da-48e1-5cd9-b120-5e209ed73627,1,false
rpl-5831029,dbf22d84-70aa-5c43-a4a0-a217b8ddb5fe,2,true
rpl-5831029,0817c166-a4cf-5f71-b4b4-a2be0d97b144,1,false
rpl-5831029,255f0b5c-4606-5744-8653-f58c6f237fb7,1,false
rpl-5831029,a7eaf321-d7a0-582e-b278-4d4fd6690b79,1,false
rpl-5840203,1bac7ca0-ea58-512c-b313-4fdbe1d133d9,2,true
rpl-5840203,1399ddea-8176-5e76-b5af-dd638883e567,1,false
rpl-5842949,8ec0c423-b418-5bf9-8d86-7a7041c9523f,2,true
rpl-5842949,75bea16d-eee8-51d4-a396-4b0e27871de9,1,false
rpl-5842949,86587155-11ca-51d0-a955-6c27a98372f2,1,false
rpl-5844286,2e179f25-c0e2-51eb-82ce-46ec6d87823c,2,true
rpl-5844286,3be706bb-435f-5e37-aaa1-2734c2774ea9,1,false
rpl-5844286,a1bf341f-dfba-51a6-a11d-888b567cbf83,1,false
rpl-5839291,d0ca9121-b722-59f8-b908-256839916e5b,2,true
rpl-5839291,61c961a0-5e81-5c13-855e-c99fac221090,1,false
rpl-5839291,967550d4-cd28-547a-b9d5-895088675559,1,false
rpl-5846058,da606e8d-bc5e-5714-a3da-1e27a9ef758d,2,true
rpl-5846058,7b9991b8-faf9-5d6b-b140-59ab9b497693,1,false
rpl-5846058,ac4990dd-edd0-562e-b7ad-790879ceeae6,1,false
rpl-5846058,b15fc672-9309-5548-bca0-29f4f63acbf8,1,false
rpl-5854265,8108168b-f364-576f-becd-8efd3087bb75,2,true
rpl-5854265,0261d325-6a2e-509b-a000-addd5511cbf9,1,false
rpl-5854265,63f4f84a-32f4-5802-9c91-77d31a63ac4b,1,false
rpl-5854265,fbb64ec9-d931-56d7-b08d-d37e94cacc2f,1,false
rpl-5854776,4145589d-0329-51f5-bac0-51a6be154e29,2,true
rpl-5854776,5510e904-6a80-5ac7-bb63-33f4278279f5,1,false
rpl-5843756,c788d295-9f0b-53f1-9a2d-49a25093c8d6,2,true
rpl-5843756,3c9d2a24-9237-553b-b37c-bb339f5abfd2,1,false
rpl-5843756,cb97e145-a662-5bda-bd7d-af53e4279482,1,false
rpl-5855491,8ec0c423-b418-5bf9-8d86-7a7041c9523f,2,true
rpl-5855491,eac3ce1c-45aa-59d6-9696-089a75099f70,1,false
rpl-5843137,84695128-fd5a-5030-9765-02845b05db74,2,true
rpl-5843137,170d114e-9743-5288-9d0e-d7c6110d1cbf,1,false
rpl-5843137,c8b0cc74-fe47-5d7a-b6a1-efddbec75ef5,1,false
rpl-5849126,e34559ed-e048-55b8-9e69-181ec1e6e061,2,true
rpl-5849126,0370b29d-4486-5f95-9879-0fbefa9d3472,1,false
rpl-5849126,127daeee-8e3e-57ca-93e2-b3ded684ec99,1,false
rpl-5849126,67b165cf-bdbe-5d57-8f10-a31b1e24b3bd,1,false
rpl-5849126,6b37a3db-dbed-57f8-af1c-0cf435a0bd8e,1,false
rpl-5849126,7730d31d-50c3-561b-a96a-ea5644764490,1,false
rpl-5849126,7abfcc93-8d7d-5443-9a46-0c856e0f80fb,1,false
rpl-5849126,9e91c3a1-44dd-5969-96dc-f4377c828115,1,false
rpl-5849126,e560ef3a-1efe-5e7f-8baa-5e736378408c,1,false
rpl-5849126,f32dbdd7-c501-5744-8303-283969c030dd,1,false
rpl-5857664,bc0a5473-e09d-5a1a-94e4-219c42d46ed5,2,true
rpl-5857664,1cebabb6-f8b4-5519-afe7-18f00a52eaed,1,false
rpl-5857664,4949660d-aebb-5157-876f-f7a4a4fed0dd,1,false
rpl-5857893,29ed69bf-830b-55a9-a4d8-f1e868632a54,2,true
rpl-5857893,a25b81d6-6ba6-59d0-b918-4e078fa51d74,1,false
rpl-5857893,df7af3c4-3bf2-50d1-8621-c2f819330549,1,false
rpl-5858499,70031c40-c84b-50b8-a835-b1819f8bb0a9,2,true
rpl-5858499,1031d76f-ecb4-5dbb-b677-ce0dc478d1e7,1,false
rpl-5858499,6197119b-1822-575c-8ca0-c2ee3e75dcc8,1,false
rpl-5858499,95afc687-3151-572d-a7d1-1f3bc4d4b8a6,1,false
rpl-5858499,f32dbdd7-c501-5744-8303-283969c030dd,1,false
rpl-5858499,ff4c96f1-1d5f-5005-a042-4a3da0b8f823,1,false
rpl-5849417,8f6e4da6-f536-525a-b1b9-1101cc834b28,2,true
rpl-5849417,5ef3c9ab-a5bf-5e76-8e6f-c9c183843f9a,1,false
rpl-5849417,c1a79b14-ba40-5cc4-9f8f-5407fb416162,1,false
rpl-5849417,f66ebb97-bb97-56c4-a262-878e02e55156,1,false
rpl-5854249,3a534fc1-e52e-5979-972a-22a72936b0dc,2,true
rpl-5854249,0b44f3cf-c58e-58ab-bfdf-0502981e0766,1,false
rpl-5854249,149cedea-a8c3-5f28-85e6-d98bb6e91138,1,false
rpl-5854249,61e9fd4c-6f61-538d-aec4-0500dd05103b,1,false
rpl-5854249,c0115f6e-dba1-5ee7-b8c7-ee55f123cd4c,1,false
rpl-5854249,d2bf17c5-d68e-55b4-98fd-bc52b30ea430,1,false
rpl-5854249,eb70c064-0be8-59b1-8da8-aba0c3c56e7b,1,false
rpl-5860547,1a633ba6-a165-5d1f-8321-a2586be31e50,2,true
rpl-5860547,149cedea-a8c3-5f28-85e6-d98bb6e91138,1,false
rpl-5860547,3a534fc1-e52e-5979-972a-22a72936b0dc,1,false
rpl-5860547,7e04ae45-2d65-5072-a932-400dd975eafa,1,false
rpl-5860547,d2bf17c5-d68e-55b4-98fd-bc52b30ea430,1,false
rpl-5860547,d485dd1f-3732-5fc6-99c3-231426b08c42,1,false
rpl-5862680,a8faa4c4-a2f9-585d-a1c3-b1b04ab9a003,2,true
rpl-5862680,b9e66e11-d244-5c72-9768-374fc42ae8d3,1,false
rpl-5854875,80a70caa-36de-5c2f-9a92-d125f5ad7c7f,2,true
rpl-5854875,6b288496-1507-5eb0-8646-88a24323d62c,1,false
rpl-5854875,dcda33f6-f326-579d-86c9-13460f78e3f2,1,false
rpl-5854875,ebb16345-b5e0-54c9-a4ec-212be42fa33b,1,false
rpl-5862077,67c18052-5e85-58c2-b9cb-c64fb9b52ebb,2,true
rpl-5862077,25ba0d34-5014-5f22-bc41-f62740c671a3,1,false
rpl-5862077,be3ff946-812a-5c9f-b421-e5dae987ba1b,1,false
rpl-5862077,df7af3c4-3bf2-50d1-8621-c2f819330549,1,false
rpl-5862077,f38aecba-3f4b-5b39-ba55-d106898383e9,1,false
rpl-5865465,98a9b484-c9a1-5fd1-843b-b72d0a6fae12,2,true
rpl-5865465,3709a532-eb9f-53f2-97c0-348589da3f43,1,false
rpl-5865465,3dfd4ad7-88c5-5df3-80de-64e9f4c448ce,1,false
rpl-5865465,4a45d3b8-1e6f-51c9-bdd5-8e7c6296a648,1,false
rpl-5865465,5fa0b054-3c6f-55d8-9d3e-1aa68cf2ac4a,1,false
rpl-5865465,6197119b-1822-575c-8ca0-c2ee3e75dcc8,1,false
rpl-5865465,61df930c-5a35-52db-ab76-d2716c3cc118,1,false
rpl-5865465,7fac5850-02ed-5a89-9987-dd3359405a37,1,false
rpl-5865465,ba1aff99-1cda-54b5-bc4d-1abf5909e8a9,1,false
rpl-5865465,df1da663-3653-5f0a-ae15-f50588acab4c,1,false
rpl-5865563,a20bbad0-35f9-52d3-9e7e-8a6cfd06945f,2,true
rpl-5865563,1efcf4ac-c05f-5be6-8bdd-dd3ce8af27fe,1,false
rpl-5866013,0966d2f7-e649-5eb5-89d2-7021c75b096b,2,true
rpl-5866013,05374052-ebc0-5724-aeaf-387f9933e321,1,false
rpl-5866013,06ca37ac-0253-50af-ae48-50ac53d4db13,1,false
rpl-5866072,6de815c8-0327-53f0-952e-780e83dd35a4,2,true
rpl-5866072,f230b1d3-4a32-554f-a2fd-143b12a7d277,1,false
rpl-5865208,c2106bfa-6272-58c1-9d9e-b26862da576a,2,true
rpl-5865208,42450fad-85fc-52bc-81ad-b66e5f6da27a,1,false
rpl-5867504,aac5ab8c-ce33-50a7-b065-e5556e03dbeb,2,true
rpl-5867504,7e3d2c7a-30a1-53bc-a15d-fad9d05d7a35,1,false
rpl-5856262,c8320c3a-505c-5451-802b-a4150ba4e892,2,true
rpl-5856262,e76c87df-af34-5c29-8f22-a7d92c323ba8,1,false
rpl-5872686,f66ebb97-bb97-56c4-a262-878e02e55156,2,true
rpl-5872686,14b63526-4aed-5661-bd14-f59805ac4e8e,1,false
rpl-5872686,30e451af-8ee1-58f9-9e53-58d7ec490ce6,1,false
rpl-5872686,5ef3c9ab-a5bf-5e76-8e6f-c9c183843f9a,1,false
rpl-5872686,8f6e4da6-f536-525a-b1b9-1101cc834b28,1,false
rpl-5872686,df1da663-3653-5f0a-ae15-f50588acab4c,1,false
rpl-5872809,81e6ce00-7d25-575e-b49d-4bf4fe12771b,2,true
rpl-5872809,bfe643eb-a528-5a09-84f3-527e80d253f5,1,false
rpl-5873153,b0ad4ac2-615d-5c5b-8ad1-98832fd13faa,2,true
rpl-5873153,08b4638a-4177-5952-bd01-95183d872dcb,1,false
rpl-5873153,704f0a79-cee0-5802-8e34-ff27c1fc9488,1,false
rpl-5873153,8d79dcc5-5476-5372-ba6b-b60b4fe7107a,1,false
rpl-5873153,b570298f-113e-502f-be8e-e0a260e06b9f,1,false
rpl-5873153,c3c5ec32-8e9d-5622-bcb4-2f29166684a3,1,false
rpl-5874700,d433726d-e146-5341-af78-4ccf91c1b870,2,true
rpl-5874700,0e5af346-29aa-5268-aae4-c909a73f701a,1,false
rpl-5838327,18a7099a-ec48-581f-ae0a-0a4c3d590e99,2,true
rpl-5838327,b2c7811a-4645-5363-ab64-e7025f74d5de,1,false
rpl-5872930,38b78a23-6f00-5545-9d51-e0c4e7c64631,2,true
rpl-5872930,46ea7d54-e3c0-520a-b6cb-44720cfe5c47,1,false
rpl-5872930,ff9b979c-d350-5878-92fa-df5ec2d19370,1,false
rpl-5874139,b07cd908-ce6e-5146-b6f7-05c70391567a,2,true
rpl-5874139,3e3736c1-8a13-5fc5-8d61-acba655caf7f,1,false
rpl-5876533,44c9a54c-3333-5034-9c0f-828277e83113,2,true
rpl-5876533,7333fc7b-b5d3-5773-9e76-9f97c178db53,1,false
rpl-5876533,ad8eed39-57d5-5a37-97fb-7476a060d9af,1,false
rpl-5876533,aff4b156-41b6-5cfd-976f-2822165ba6d1,1,false
rpl-5876865,4e610b06-47c0-5b71-a65c-d8bd74565c53,2,true
rpl-5876865,0e2f02fb-f330-505c-931c-b3d720516f95,1,false
rpl-5876865,76c91f2d-05ce-5c96-99c2-40ed4ef9e274,1,false
rpl-5862270,cc2c7e2a-6818-514e-b369-6183a87533d7,2,true
rpl-5862270,5868871f-daba-512b-9461-06047a3e1de1,1,false
rpl-5862270,6197119b-1822-575c-8ca0-c2ee3e75dcc8,1,false
rpl-5862270,a60a4dda-6def-59c1-a1c0-8750a2949967,1,false
rpl-5862270,ce27623e-e136-5490-ba88-f683fa7e318f,1,false
rpl-5862270,db89aef9-9440-58f4-b8cd-aebbf427d77c,1,false
rpl-5880417,2232280e-73cd-58b6-b57b-5f70cee4ca9b,2,true
rpl-5880417,149cedea-a8c3-5f28-85e6-d98bb6e91138,1,false
rpl-5880417,5208c1cd-8457-57ab-91a9-fb238c73c7f9,1,false
rpl-5880417,eb70c064-0be8-59b1-8da8-aba0c3c56e7b,1,false
rpl-5880684,dca8dfe5-9187-5691-b2a4-e7b84a79db0e,2,true
rpl-5880684,7b3ad7e5-2920-5549-b93f-98a991d068a5,1,false
rpl-5880684,84695128-fd5a-5030-9765-02845b05db74,1,false
rpl-5880684,d8fda4e7-0d77-5ae7-a8bc-7244cdef2140,1,false
rpl-5880684,e34d97ff-e42b-562f-af70-27a14dc3ae35,1,false
rpl-5881412,d18fb4a0-9f40-575d-9878-d3c346fd02fa,2,true
rpl-5881412,6b72174e-139d-5e49-ac48-334148b1d51b,1,false
rpl-5881412,7fac5850-02ed-5a89-9987-dd3359405a37,1,false
rpl-5881412,c564cd33-1649-53ba-b0d1-af3e09ab1456,1,false
rpl-5881412,e1c500be-bf16-57bc-95bb-8fceca490ea5,1,false
rpl-5871584,eb1f129a-bd53-5787-bf12-c2fbda91984a,2,true
rpl-5871584,826889b6-6ca8-5bb6-a36e-b8b09375b53c,1,false
rpl-5871584,f9806254-07e1-553f-8248-90e05321018e,1,false
rpl-5871584,ff9ba21f-34c0-5055-b6c4-a5fb100e187a,1,false
rpl-5878106,f1c2af02-aa53-5420-81d6-20a92e8960cc,2,true
rpl-5878106,3f073662-c3f0-55ac-90d9-5bcdd2c3b639,1,false
rpl-5882784,9df608e6-bc5a-5a68-b6f0-fea98612a6b3,2,true
rpl-5882784,16bc7586-bc14-57c3-8873-9407a0159c29,1,false
rpl-5882784,3dc145ed-d013-5494-af79-54c8e8aecdb0,1,false
rpl-5882784,c8e9c48b-74ca-5646-8e2b-877e208999c7,1,false
rpl-5886087,eb1f129a-bd53-5787-bf12-c2fbda91984a,2,true
rpl-5886087,d0102555-f0b0-571b-986a-bf04b3f07901,1,false
rpl-5887814,3cb5b90a-d5b6-5d23-b95e-d7fd5672891d,2,true
rpl-5887814,ca1c6a73-d608-5eb4-99a7-5750813a8237,1,false
rpl-5887814,ee9755b6-bda9-5d7c-b703-44824ca63965,1,false
rpl-5887814,fffc8b37-8d8c-56ad-8ad2-7cdc0ec7f969,1,false
rpl-5868615,58ea083e-b088-54c1-98aa-3282ac84ec58,2,true
rpl-5868615,447b8ac3-14d7-5136-bad8-ff92cf4d5bc8,1,false
rpl-5868615,84c5c9c7-a8cc-54e0-9abd-4bd9af2926dd,1,false
rpl-5889335,46748a21-48d0-5abd-9bc4-f5fd9aa51022,2,true
rpl-5889335,44360894-f5bd-5ed0-993f-0ece412f296d,1,false
rpl-5889335,76c5fbeb-97a2-5020-aa89-b44cf9921922,1,false
rpl-5889335,b65c9617-823a-5372-875f-7a0c8aeb326d,1,false
rpl-5889564,323ecd73-8429-5487-bec0-68036fa9277c,2,true
rpl-5889564,5421d65b-ab66-5659-98af-f47f06b5db8c,1,false
rpl-5889564,86357230-e399-55b3-8886-66011e5ef3bc,1,false
rpl-5889564,d36d732e-245c-5115-8c46-f8166075b89e,1,false
rpl-5889564,f1c2af02-aa53-5420-81d6-20a92e8960cc,1,false
rpl-5892211,76c91f2d-05ce-5c96-99c2-40ed4ef9e274,2,true
rpl-5892211,207420b1-ca8a-59b9-8c17-0d0db163bcbe,1,false
rpl-5875261,ff9ba21f-34c0-5055-b6c4-a5fb100e187a,2,true
rpl-5875261,eb1f129a-bd53-5787-bf12-c2fbda91984a,1,false
rpl-5892593,877ec87f-6c1a-5ca0-b544-744b2a8f3f26,2,true
rpl-5892593,c82523d7-ac2f-5c16-a57e-16af83377883,1,false
rpl-5890111,a66554a9-0db4-5d2c-859c-7a02a6b55607,2,true
rpl-5890111,edf2ce35-c094-53d2-b970-5ebdf656a13e,1,false
rpl-5892388,86bd459b-601e-52a6-8002-39a3d7f4e011,2,true
rpl-5892388,8d89a34c-fc12-5682-8d09-81235befc44f,1,false
rpl-5892388,b5a41361-bbf2-5263-9273-9f97f4e5bb77,1,false
rpl-5892520,dad913c3-2d20-51d5-8eb6-af3c85259bcb,2,true
rpl-5892520,1de4f9dd-62d7-54aa-888d-93c6e47984fe,1,false
rpl-5862690,892ae04c-af6b-5c3c-9533-f45db3460496,2,true
rpl-5862690,5ccb6f6d-38e0-5424-8afc-95ff93ae2a64,1,false
rpl-5862690,b73e51df-f7e7-59e8-bc42-27a12d48ef63,1,false
rpl-5862690,d04ada44-805c-5ba9-bee4-7d0e70ca0a5d,1,false
rpl-5862690,f324e132-bbd3-54da-83b3-f80d7e2b4c09,1,false
rpl-5887713,4749eba4-5a32-5043-91a2-3c168b508d76,2,true
rpl-5887713,f5429fd7-8fe3-5059-8db1-9b3c69ddce44,1,false
rpl-5897896,b0f4faaf-e3bc-500e-aa86-378b29769012,2,true
rpl-5897896,2116253c-048b-579b-bcb5-a6737a4c7886,1,false
rpl-5898106,e696a479-5ae9-50fb-8318-ed6ca824f4b1,2,true
rpl-5898106,dc4fc4f2-0936-50a7-a79a-8ade886ef11c,1,false
rpl-5898208,f79fc1d1-4978-5a36-bfb1-92314abff658,2,true
rpl-5898208,89ad795d-d705-5942-9ed1-7adf6d75b9b5,1,false
rpl-5896298,961f38e4-8c38-5807-b943-d4755eed1d3e,2,true
rpl-5896298,57b10c54-533f-5a06-9cc4-e53180b3a6b7,1,false
rpl-5896298,94bab4be-361a-5973-beac-88cf3eca09d0,1,false
rpl-5885720,0b6b0695-e299-5378-acea-1eabfa944949,2,true
rpl-5885720,053e27d9-bb75-5508-a222-e0a7e2b74488,1,false
rpl-5885720,9dbcc90d-db77-5393-bdc1-900688aca25f,1,false
rpl-5887017,a4d42cfb-fe14-5c3f-9a7a-881908b074cb,2,true
rpl-5887017,432d7239-9609-5caa-9b81-06d78da3f654,1,false
rpl-5887017,84c87166-2ee6-52ee-9c76-37930bf45272,1,false
rpl-5902662,d8fda4e7-0d77-5ae7-a8bc-7244cdef2140,2,true
rpl-5902662,6b72174e-139d-5e49-ac48-334148b1d51b,1,false
rpl-5902662,b0ad8d3d-3649-5e63-b2d3-ed5ee0cce5e2,1,false
rpl-5902662,dca8dfe5-9187-5691-b2a4-e7b84a79db0e,1,false
rpl-5903505,2232280e-73cd-58b6-b57b-5f70cee4ca9b,2,true
rpl-5903505,149cedea-a8c3-5f28-85e6-d98bb6e91138,1,false
rpl-5903505,7e04ae45-2d65-5072-a932-400dd975eafa,1,false
rpl-5903505,ef57cefb-d7f1-5eea-b5ad-7341030e63fd,1,false
rpl-5903511,94bab4be-361a-5973-beac-88cf3eca09d0,2,true
rpl-5903511,961f38e4-8c38-5807-b943-d4755eed1d3e,1,false
rpl-5911702,6ff0eae1-af88-5f15-90e9-9b1acd67dff8,2,true
rpl-5911702,12f5a80e-3089-556d-93ee-8662448ba99a,1,false
rpl-5913175,5f99809e-7213-535a-afe8-2b54b381cbdd,2,true
rpl-5913175,173d0e75-387b-59cc-9890-1f8c6b40b0e2,1,false
rpl-5913175,70a3ccca-a074-5843-964d-d13cd448403b,1,false
rpl-5913175,affa21b8-487a-5593-abb8-930f88e9d11b,1,false
rpl-5915510,66926a16-76e4-55eb-b016-b42cab416e7b,2,true
rpl-5915510,2116253c-048b-579b-bcb5-a6737a4c7886,1,false
rpl-5915510,ac418ffb-2c7d-5311-b4ea-e456addff9bb,1,false
rpl-5915510,cc2d5fc5-de53-5eef-be20-5331aba307cd,1,false
rpl-5919116,67c18052-5e85-58c2-b9cb-c64fb9b52ebb,2,true
rpl-5919116,0adf4e9a-af26-560f-86da-7b1e7ee93053,1,false
rpl-5919116,81b491d2-33ff-5c0c-9f2c-3a04e99b0f4b,1,false
rpl-5919116,df7af3c4-3bf2-50d1-8621-c2f819330549,1,false
rpl-5920454,ca6e9e8f-9c0d-522b-909f-7fa4f9fc8730,2,true
rpl-5920454,12d8ffdd-f231-5b38-87b8-b4c5912313c3,1,false
rpl-5920454,5ccb6f6d-38e0-5424-8afc-95ff93ae2a64,1,false
rpl-5920454,e6d8a44c-9bcd-5330-b49d-b56f63e06b78,1,false
rpl-5920454,f324e132-bbd3-54da-83b3-f80d7e2b4c09,1,false
rpl-5922270,0a88c866-8c0f-5037-b6bf-0e6c3a1515cb,2,true
rpl-5922270,7e1ad2ee-793f-54f0-9205-c4c20b138799,1,false
rpl-5922270,85823ea6-0a14-542a-9d94-85be42ce9b2c,1,false
rpl-5920336,43450b9c-038f-54d7-bf56-fe5ff0cc78ad,2,true
rpl-5920336,7c0ffde6-5a6a-570e-813b-45d5be615649,1,false
rpl-5927365,6ff0eae1-af88-5f15-90e9-9b1acd67dff8,2,true
rpl-5927365,298cf8fb-1900-5a82-ba74-fa5a0e249bb8,1,false
rpl-5927365,3d71cf51-8b77-5ed2-8b6e-fb07d861db8e,1,false
rpl-5927365,6197119b-1822-575c-8ca0-c2ee3e75dcc8,1,false
rpl-5927365,a0d8d3da-e93f-56fc-9f8e-722b38693644,1,false
rpl-5927365,a4fb2d57-f673-5540-989e-2ee27949155b,1,false
rpl-5927365,a8e96527-80da-5688-a553-3c0a3659baa2,1,false
rpl-5927365,db89aef9-9440-58f4-b8cd-aebbf427d77c,1,false
rpl-5928710,eb1f129a-bd53-5787-bf12-c2fbda91984a,2,true
rpl-5928710,826889b6-6ca8-5bb6-a36e-b8b09375b53c,1,false
rpl-5928710,b3f66fbc-faf3-51b2-85aa-64c906fdf26e,1,false
rpl-5928710,dc749128-6535-5773-aa47-287604ed1e30,1,false
rpl-5928710,f9806254-07e1-553f-8248-90e05321018e,1,false
rpl-5929788,04fe43a5-aecb-548f-bde5-98e795d8b41e,2,true
rpl-5929788,2a3179c5-40e3-5b1d-b68a-bc97a93675d6,1,false
rpl-5929788,2f3a0da2-4584-5d1a-8108-241a8b626fb8,1,false
rpl-5885143,94181d0d-8f68-5cbd-a733-da0bc99bb263,2,true
rpl-5885143,05374052-ebc0-5724-aeaf-387f9933e321,1,false
rpl-5885143,11d81591-596d-52a7-8f67-ac84563ecc10,1,false
rpl-5885143,2bb3b7f2-f462-58b4-b8ef-978e7fab7afd,1,false
rpl-5930484,0d7697d2-c49c-5a12-aa29-97469644f535,2,true
rpl-5930484,05374052-ebc0-5724-aeaf-387f9933e321,1,false
rpl-5931294,a38f1435-642f-5658-8f2e-7e62b2a3a04d,2,true
rpl-5931294,2788af68-9d90-50f7-9aa8-5a515f752cee,1,false
rpl-5931294,b98040d3-470d-53f8-9457-9980d4e25169,1,false
rpl-5933491,d0737f55-38c6-55ff-9b48-8907bd3b337d,2,true
rpl-5933491,b0ad8d3d-3649-5e63-b2d3-ed5ee0cce5e2,1,false
rpl-5933250,63f4f84a-32f4-5802-9c91-77d31a63ac4b,2,true
rpl-5933250,0261d325-6a2e-509b-a000-addd5511cbf9,1,false
rpl-5933250,d477a8f1-8903-51e3-83a9-b7075764ae77,1,false
rpl-5934376,8eb9bfbd-a558-5d36-b802-c0d5164ffebc,2,true
rpl-5934376,d36d732e-245c-5115-8c46-f8166075b89e,1,false
rpl-5870150,ccc141a1-7957-5929-b91c-c1bf7b765948,2,true
rpl-5870150,6d03ff29-34ee-5558-9758-174c413e5ca6,1,false
rpl-5870150,bdba11c7-ac9f-5245-afb7-f0c7b4308c58,1,false
rpl-5937486,f62ddbf5-cec7-52ca-8c4a-37503996454c,2,true
rpl-5937486,05374052-ebc0-5724-aeaf-387f9933e321,1,false
rpl-5937486,4f168d88-460e-50c7-a6fc-77321a87129a,1,false
rpl-5937486,94d0ee24-4d2f-5563-9cf8-816c55d17e68,1,false
rpl-5938393,e1a3d9fe-e2f3-58dd-9e94-63c4fac41a7b,2,true
rpl-5938393,85344757-952d-52e6-ae78-408d43756188,1,false
rpl-5938393,a80428fb-7410-5398-a398-155824160fef,1,false
rpl-5938393,cccb2815-f26b-5ddb-9b72-660a1f36cfde,1,false
rpl-5938393,ff0f46db-e2c4-572a-9144-476427536aad,1,false
rpl-5939417,1aa43b22-a172-5c00-acc6-f644d96f2b37,2,true
rpl-5939417,26517ac5-28f0-54b1-95da-d8e7a16929de,1,false
rpl-5939417,46748a21-48d0-5abd-9bc4-f5fd9aa51022,1,false
rpl-5939417,4bd7fc52-453a-5823-b6df-2bbbcfa1b3dd,1,false
rpl-5939417,9dc94355-2737-5eae-99aa-c1ad102dccd9,1,false
rpl-5939417,a5c03e6f-ff44-519a-bfb5-5d7246dc162e,1,false
rpl-5939417,c1d72a40-e7c4-5693-9bcf-b3d0a0c70a52,1,false
rpl-5940722,f3ecec61-5fe9-56f2-a34a-2f57f03c54f5,2,true
rpl-5940722,4384d71f-91b6-5187-9450-0455d330b41a,1,false
rpl-5940722,95226b36-c862-567c-b739-820fa23b8806,1,false
rpl-5940722,9e91c3a1-44dd-5969-96dc-f4377c828115,1,false
rpl-5940722,cb96906e-3e0f-5c93-8e73-4ab7c7352b6b,1,false
rpl-5940722,e76c87df-af34-5c29-8f22-a7d92c323ba8,1,false
rpl-5940722,f5429fd7-8fe3-5059-8db1-9b3c69ddce44,1,false
rpl-5909228,0fca8cbb-0d9f-59bc-b26d-bb94a1318a7d,2,true
rpl-5909228,89ad795d-d705-5942-9ed1-7adf6d75b9b5,1,false
rpl-5944794,aa160cce-bf33-5b49-bd85-85652d57b422,2,true
rpl-5944794,206a29b9-191d-5357-b8fa-7441e628c42d,1,false
rpl-5944794,cccc3680-3e7a-5acd-b3b4-e64984ba79a1,1,false
rpl-5944794,fb3afc3e-84a8-5212-a68e-7d8c3388d3be,1,false
rpl-5946551,b9c9cd6d-c2b6-5e91-9008-0f41ae2f635a,2,true
rpl-5946551,6b72174e-139d-5e49-ac48-334148b1d51b,1,false
rpl-5946551,9226df35-d460-54ef-ae0e-34a0a39e2cde,1,false
rpl-5946551,c6a9e948-396b-5cc5-9332-71b7a59cb03f,1,false
rpl-5946551,e07ac5ee-737a-5f95-9e80-3d299262ddd0,1,false
rpl-5947121,d04ada44-805c-5ba9-bee4-7d0e70ca0a5d,2,true
rpl-5947121,5ccb6f6d-38e0-5424-8afc-95ff93ae2a64,1,false
rpl-5947121,f324e132-bbd3-54da-83b3-f80d7e2b4c09,1,false
rpl-5948300,ec185fe5-aecc-5eb7-8f8c-aecadfaafcf5,2,true
rpl-5948300,d08c8267-9790-5a4b-8c11-086b8142b609,1,false
rpl-5948500,58d2610d-53ce-5f98-8b95-c0ffd257af86,2,true
rpl-5948500,a5c03e6f-ff44-519a-bfb5-5d7246dc162e,1,false
rpl-5939130,df7af3c4-3bf2-50d1-8621-c2f819330549,2,true
rpl-5939130,67c18052-5e85-58c2-b9cb-c64fb9b52ebb,1,false
rpl-5939130,abc5427a-8eec-5fc7-97f9-72763cf00b06,1,false
rpl-5939130,f38aecba-3f4b-5b39-ba55-d106898383e9,1,false
rpl-5952856,96d8ee19-3555-561a-9f35-2988a4999058,2,true
rpl-5952856,70dc0f06-d247-5fcd-8f4b-0995f3439832,1,false
rpl-5952856,8e855468-8560-518b-a2e9-910f7551a5e3,1,false
rpl-5953671,5421d65b-ab66-5659-98af-f47f06b5db8c,2,true
rpl-5953671,89ad795d-d705-5942-9ed1-7adf6d75b9b5,1,false
rpl-5954168,2232280e-73cd-58b6-b57b-5f70cee4ca9b,2,true
rpl-5954168,05dde666-1526-58a2-a2cd-8c0fefeb711e,1,false
rpl-5954168,1cebabb6-f8b4-5519-afe7-18f00a52eaed,1,false
rpl-5954168,c98afd26-1f0a-53e5-898b-d1ab8bbd0b46,1,false
rpl-5956456,eb70c064-0be8-59b1-8da8-aba0c3c56e7b,2,true
rpl-5956456,149cedea-a8c3-5f28-85e6-d98bb6e91138,1,false
rpl-5956456,2232280e-73cd-58b6-b57b-5f70cee4ca9b,1,false
rpl-5956456,56b91e06-8e4a-5dc6-a6b9-9d28fc62a180,1,false
rpl-5956456,5a1a5726-297a-5566-b7ab-fd23e6200bfc,1,false
rpl-5956456,7e04ae45-2d65-5072-a932-400dd975eafa,1,false
rpl-5956456,d237d65d-06c1-55ff-9cf2-d5737bb7d73f,1,false
rpl-5958118,1fd4eeca-0386-572b-943b-7e7c9cbc4962,2,true
rpl-5958118,06101b29-7328-5bc2-b906-2f6a2cc81fc6,1,false
rpl-5958233,8e0ffa42-34cc-55b6-a34e-dbaf05e221a7,2,true
rpl-5958233,053e27d9-bb75-5508-a222-e0a7e2b74488,1,false
rpl-5958233,e5df053a-c0bb-5cb5-b59e-3fffaf062f8c,1,false
rpl-5958233,f1c2af02-aa53-5420-81d6-20a92e8960cc,1,false
rpl-5953192,52fa70d3-e95a-5d4e-babd-77aab45ebf4a,2,true
rpl-5953192,a13db71b-713b-51d7-86b0-93b2a4da18a1,1,false
rpl-5957771,b0ad8d3d-3649-5e63-b2d3-ed5ee0cce5e2,2,true
rpl-5957771,6b72174e-139d-5e49-ac48-334148b1d51b,1,false
rpl-5957771,ce7bc302-7ddc-5a52-8efc-0859f215b3fb,1,false
rpl-5957771,d6ebca7b-5527-540f-8aa5-1bc0355b263b,1,false
rpl-5957771,d8fda4e7-0d77-5ae7-a8bc-7244cdef2140,1,false
rpl-5958539,929eb7a5-8055-56e0-95b7-cfd9099791cd,2,true
rpl-5958539,1e52cfc9-9352-5a76-a6e3-adb7c16e7355,1,false
rpl-5958539,298cf8fb-1900-5a82-ba74-fa5a0e249bb8,1,false
rpl-5958539,5868871f-daba-512b-9461-06047a3e1de1,1,false
rpl-5958539,6197119b-1822-575c-8ca0-c2ee3e75dcc8,1,false
rpl-5958539,62acb1dd-8c81-5cb6-8540-f65460f23ebe,1,false
rpl-5958539,9e91c3a1-44dd-5969-96dc-f4377c828115,1,false
rpl-5958539,a4fb2d57-f673-5540-989e-2ee27949155b,1,false
rpl-5958539,a60a4dda-6def-59c1-a1c0-8750a2949967,1,false
rpl-5959933,1aa43b22-a172-5c00-acc6-f644d96f2b37,2,true
rpl-5959933,26517ac5-28f0-54b1-95da-d8e7a16929de,1,false
rpl-5959933,9dc94355-2737-5eae-99aa-c1ad102dccd9,1,false
rpl-5959933,fdf92ec1-7375-5189-9b88-7e4297991bc0,1,false
rpl-5962592,0ddaf979-c043-529e-9a38-7976b18d9481,2,true
rpl-5962592,3a6a268b-9b60-5987-8232-4d49712035dc,1,false
rpl-5962592,b98040d3-470d-53f8-9457-9980d4e25169,1,false
rpl-5963418,c8acbb4d-f9b9-54a5-95f6-89685b632b73,2,true
rpl-5963418,5c874dcd-b35e-5483-99b8-1ce422c5b904,1,false
rpl-5963418,a38f69f5-6e9b-539f-a8f6-ce21a187a153,1,false
rpl-5963418,a5c03e6f-ff44-519a-bfb5-5d7246dc162e,1,false
rpl-5963418,b2c7811a-4645-5363-ab64-e7025f74d5de,1,false
rpl-5963418,fdf92ec1-7375-5189-9b88-7e4297991bc0,1,false
rpl-5952743,89a0a071-355b-5a1d-931c-78327d1ed8eb,2,true
rpl-5952743,05374052-ebc0-5724-aeaf-387f9933e321,1,false
rpl-5952743,2bb3b7f2-f462-58b4-b8ef-978e7fab7afd,1,false
rpl-5952743,5bb8bbf7-ba7d-5d19-80ca-b49640482d71,1,false
rpl-5964118,8ec0c423-b418-5bf9-8d86-7a7041c9523f,2,true
rpl-5964118,0ba06920-2c19-51f1-bcca-1f0cb0eeff24,1,false
rpl-5965900,276f239f-38f5-58c8-adef-3ea53104b3f3,2,true
rpl-5965900,15dfcf53-26f4-5f76-8a71-91d997ee2d86,1,false
rpl-5966826,9024bf07-0dfc-567e-843b-370b44f11954,2,true
rpl-5966826,b4574406-f068-550b-8cfa-90baa2555eee,1,false
rpl-5966910,45c8c8ef-7e58-5ef8-ba33-2806f243f94b,2,true
rpl-5966910,7a414de1-4378-5f2d-a182-12705a3d1f6b,1,false
rpl-5966910,da74458c-2766-5911-838a-0b6115ceeb44,1,false
rpl-5969385,dc749128-6535-5773-aa47-287604ed1e30,2,true
rpl-5969385,826889b6-6ca8-5bb6-a36e-b8b09375b53c,1,false
rpl-5965801,43194f5a-6996-5ff0-8006-bcb961eafa28,2,true
rpl-5965801,0235c37c-a537-5a3e-815b-4da7e00f8ed9,1,false
rpl-5965801,149cedea-a8c3-5f28-85e6-d98bb6e91138,1,false
rpl-5969734,7b3ad7e5-2920-5549-b93f-98a991d068a5,2,true
rpl-5969734,c950ffb3-875d-59ef-b597-16f649d07bb0,1,false
rpl-5969734,d0a49959-78a7-5678-b712-ae7020be1368,1,false
rpl-5969734,db89aef9-9440-58f4-b8cd-aebbf427d77c,1,false
rpl-5969734,dca8dfe5-9187-5691-b2a4-e7b84a79db0e,1,false
rpl-5970631,451d54a3-1c1b-57cf-9a42-7e731e94701e,2,true
rpl-5970631,47905e94-313d-5676-91fe-ddef4d389ab2,1,false
rpl-5971279,e34d97ff-e42b-562f-af70-27a14dc3ae35,2,true
rpl-5971279,3c9d2a24-9237-553b-b37c-bb339f5abfd2,1,false
rpl-5971279,7b3ad7e5-2920-5549-b93f-98a991d068a5,1,false
rpl-5972084,8108168b-f364-576f-becd-8efd3087bb75,2,true
rpl-5972084,0261d325-6a2e-509b-a000-addd5511cbf9,1,false
rpl-5972084,41ba6675-541f-5150-84d7-e4999d6bebd8,1,false
rpl-5972084,bebb8de8-6934-54b2-b3b7-b7ef04efff9f,1,false
rpl-5972308,042201e4-cd70-521f-af97-f171ffe51711,2,true
rpl-5972308,b30c2c9d-9ca2-5171-b84d-1ede425e5bec,1,false
rpl-5947069,bbfe3bc4-62c5-56a9-9075-8535a344fc12,2,true
rpl-5947069,0db112ca-7925-50dc-8c13-df02c8f954f7,1,false
rpl-5947069,9803bcbf-35bd-5cf2-b8a5-545cb55e91d5,1,false
rpl-5947069,9c01f5ce-160e-51bf-a8d9-671a07d2c8f0,1,false
rpl-5947069,a6a174c8-4f8e-5715-bb39-f2a8e3faaa21,1,false
rpl-5947069,c69d7975-74bb-5fba-85ec-ba9f8e44562a,1,false
rpl-5953389,efbb7073-a59c-5fb8-90af-dd1f940c0f03,2,true
rpl-5953389,edf96e3d-7551-5ae6-834c-691be03aaa03,1,false
rpl-5974261,535a0785-2372-59dc-9df0-e206c5ea91df,2,true
rpl-5974261,26517ac5-28f0-54b1-95da-d8e7a16929de,1,false
rpl-5974261,5c874dcd-b35e-5483-99b8-1ce422c5b904,1,false
rpl-5974261,9dc94355-2737-5eae-99aa-c1ad102dccd9,1,false
rpl-5974261,b2c7811a-4645-5363-ab64-e7025f74d5de,1,false
rpl-5974261,b98040d3-470d-53f8-9457-9980d4e25169,1,false
rpl-5975835,9602da16-4b3a-5ec8-945e-a2980c0b667a,2,true
rpl-5975835,472b070a-f9b9-51ec-879b-0530dfa97999,1,false
rpl-5946440,6de815c8-0327-53f0-952e-780e83dd35a4,2,true
rpl-5946440,600d35ea-8a3b-52db-93fe-006e99d6f82b,1,false
rpl-5946440,8ec0c423-b418-5bf9-8d86-7a7041c9523f,1,false
rpl-5954545,8f6e4da6-f536-525a-b1b9-1101cc834b28,2,true
rpl-5954545,30e451af-8ee1-58f9-9e53-58d7ec490ce6,1,false
rpl-5954545,f66ebb97-bb97-56c4-a262-878e02e55156,1,false
rpl-5980004,51bce18f-68cb-588f-9950-fef141b538a6,2,true
rpl-5980004,2bb3b7f2-f462-58b4-b8ef-978e7fab7afd,1,false
rpl-5980004,9e90908b-ab60-590c-b765-f061a0550f1c,1,false
rpl-5971617,dca8dfe5-9187-5691-b2a4-e7b84a79db0e,2,true
rpl-5971617,b0ad8d3d-3649-5e63-b2d3-ed5ee0cce5e2,1,false
rpl-5979263,149cedea-a8c3-5f28-85e6-d98bb6e91138,2,true
rpl-5979263,2232280e-73cd-58b6-b57b-5f70cee4ca9b,1,false
rpl-5979263,5df7a72b-5c47-5618-9586-83f210f9d261,1,false
rpl-5979263,60ae30d4-1ac2-5e8c-9141-6a74726eb87a,1,false
rpl-5979263,7e04ae45-2d65-5072-a932-400dd975eafa,1,false
rpl-5979263,986c9d60-e06f-598a-88df-9ae42493e341,1,false
rpl-5979263,b7ca5188-f555-5656-852e-3743a3961341,1,false
rpl-5979263,f6e2c262-01ad-5bd0-a2a9-73611cc391a3,1,false
rpl-5960323,8f6e4da6-f536-525a-b1b9-1101cc834b28,2,true
rpl-5960323,0b6b0695-e299-5378-acea-1eabfa944949,1,false
rpl-5982418,d0102555-f0b0-571b-986a-bf04b3f07901,2,true
rpl-5982418,27bfffda-48d7-5390-8721-38439bc05807,1,false
rpl-5982418,f324e132-bbd3-54da-83b3-f80d7e2b4c09,1,false
rpl-5986331,1bac7ca0-ea58-512c-b313-4fdbe1d133d9,2,true
rpl-5986331,361e49fd-fb75-5461-9298-98c48fda9c8d,1,false
rpl-5986331,e3067a1e-c829-5f70-b86c-d5fd6eaa5eb1,1,false
rpl-5986765,847711ee-03ef-5e43-b79d-43c8e006726b,2,true
rpl-5986765,fff2ae1e-fc30-585e-886b-d36c76ca75f1,1,false
rpl-5991472,f1c2af02-aa53-5420-81d6-20a92e8960cc,2,true
rpl-5991472,291ffa17-ea9b-5be5-8ce0-42d2aba609e0,1,false
rpl-5991472,66ca97bd-d581-5435-8a4c-5eada50f31c2,1,false
rpl-5991472,8eb9bfbd-a558-5d36-b802-c0d5164ffebc,1,false
rpl-5991472,c8320c3a-505c-5451-802b-a4150ba4e892,1,false
rpl-5991472,d36d732e-245c-5115-8c46-f8166075b89e,1,false
rpl-5993392,4f280c8b-9a0a-54b4-8ce8-a3c2356e635e,2,true
rpl-5993392,2872d522-4bf9-579f-acd8-4cb78eb65614,1,false
rpl-5993480,d547e9b2-b974-550c-a596-38f446e761a3,2,true
rpl-5993480,3c655d0a-685e-5612-bfa4-7d095a6c22d0,1,false
rpl-5993480,d7dd7cfb-d0b3-59a6-b24e-06ca29251f97,1,false
rpl-5989541,82af6141-baf7-576d-a4cc-8c3fc096d606,2,true
rpl-5989541,b98040d3-470d-53f8-9457-9980d4e25169,1,false
rpl-5989541,fdf92ec1-7375-5189-9b88-7e4297991bc0,1,false
rpl-5992402,20756ed3-ce7a-5b89-87ad-ca241e65fade,2,true
rpl-5992402,47ec3ee2-2f3f-57c9-810e-49013bb733cf,1,false
rpl-5993057,67c18052-5e85-58c2-b9cb-c64fb9b52ebb,2,true
rpl-5993057,df7af3c4-3bf2-50d1-8621-c2f819330549,1,false
rpl-5993057,f38aecba-3f4b-5b39-ba55-d106898383e9,1,false
rpl-5908794,fe2deb61-85d6-5287-b50c-ae70e092e66b,2,true
rpl-5908794,f0185a43-8aa3-59ba-bb1c-210acf937eaa,1,false
rpl-5970701,dc749128-6535-5773-aa47-287604ed1e30,2,true
rpl-5970701,70fc6685-d54f-585e-a8cb-68a7da3b466f,1,false
rpl-5970701,84d12fdb-32d1-53d2-ae11-6fad5cbdd0a0,1,false
rpl-5970701,b3f66fbc-faf3-51b2-85aa-64c906fdf26e,1,false
rpl-5970701,eb1f129a-bd53-5787-bf12-c2fbda91984a,1,false
rpl-5970701,f9806254-07e1-553f-8248-90e05321018e,1,false
rpl-5995199,f11ebc23-4c47-5ba9-afdd-c836069863bf,2,true
rpl-5995199,0c95624c-9376-50ef-8edd-0f7fa8ce6d4d,1,false
rpl-5995199,80a70caa-36de-5c2f-9a92-d125f5ad7c7f,1,false
rpl-5995199,f84fd762-4cbe-5238-b98f-fa30ee569141,1,false
rpl-5995199,fca0a744-6492-584b-b165-114348cedb65,1,false
rpl-5997928,8894b8f0-243f-5e02-b2c8-a8a3b062feeb,2,true
rpl-5997928,3c9d2a24-9237-553b-b37c-bb339f5abfd2,1,false
rpl-5997928,a8157104-8fad-53d7-b316-a5ce96a126ea,1,false
rpl-5998328,67c18052-5e85-58c2-b9cb-c64fb9b52ebb,2,true
rpl-5998328,987cf78d-c851-5189-b457-689ed0bee13c,1,false
rpl-5998328,f38aecba-3f4b-5b39-ba55-d106898383e9,1,false
rpl-5974440,dbf22d84-70aa-5c43-a4a0-a217b8ddb5fe,2,true
rpl-5974440,1e52cfc9-9352-5a76-a6e3-adb7c16e7355,1,false
rpl-5974440,db89aef9-9440-58f4-b8cd-aebbf427d77c,1,false
rpl-5980209,db89aef9-9440-58f4-b8cd-aebbf427d77c,2,true
rpl-5980209,6b72174e-139d-5e49-ac48-334148b1d51b,1,false
rpl-5985369,7b3ad7e5-2920-5549-b93f-98a991d068a5,2,true
rpl-5985369,1ea71aee-2e8c-5878-ae1a-e94768374ccd,1,false
rpl-5985369,84695128-fd5a-5030-9765-02845b05db74,1,false
rpl-6001513,9c0b8769-f128-5744-8b3e-57a2cb996540,2,true
rpl-6001513,8fa5d919-b626-59c8-8fc9-b68de5f34840,1,false
rpl-6001513,eb1f129a-bd53-5787-bf12-c2fbda91984a,1,false
rpl-5999797,e5922894-2886-538f-b963-3033b8c638da,2,true
rpl-5999797,f6353bbb-4327-5e56-8843-45912c1ca2d9,1,false
rpl-6005243,5ea1fbb7-d4bd-57aa-a1bd-3cab6a23469e,2,true
rpl-6005243,2a3179c5-40e3-5b1d-b68a-bc97a93675d6,1,false
rpl-6005243,9f531235-8487-56f3-af28-96f5b5d57871,1,false
rpl-6005243,ad4cdfbd-078f-5e16-b04c-bf61b867ccc0,1,false
rpl-6006188,71d70fb2-fe0e-5180-b98d-dcf3a8addbc2,2,true
rpl-6006188,a66554a9-0db4-5d2c-859c-7a02a6b55607,1,false
rpl-6007897,3c445418-6ed8-584c-878a-505df64b0302,2,true
rpl-6007897,05374052-ebc0-5724-aeaf-387f9933e321,1,false
rpl-6007897,1efcf4ac-c05f-5be6-8bdd-dd3ce8af27fe,1,false
rpl-6008295,5ef84416-9cf5-5554-97c1-189fa8c1cf5a,2,true
rpl-6008295,70031c40-c84b-50b8-a835-b1819f8bb0a9,1,false
rpl-6000764,71d70fb2-fe0e-5180-b98d-dcf3a8addbc2,2,true
rpl-6000764,06101b29-7328-5bc2-b906-2f6a2cc81fc6,1,false
rpl-6009585,0dd93065-47e8-5d4d-bfd2-52f13490056b,2,true
rpl-6009585,9024bf07-0dfc-567e-843b-370b44f11954,1,false
rpl-6008187,bc988af6-d2d1-504d-a059-b8665859cb7f,2,true
rpl-6008187,58c3b78f-5819-51af-957a-ea767489f349,1,false
rpl-6016717,ecee36d8-4ffb-5dea-90d5-d12a92c2e83e,2,true
rpl-6016717,6b72174e-139d-5e49-ac48-334148b1d51b,1,false
rpl-6016717,9226df35-d460-54ef-ae0e-34a0a39e2cde,1,false
rpl-6016717,b9c9cd6d-c2b6-5e91-9008-0f41ae2f635a,1,false
rpl-6016717,c6a9e948-396b-5cc5-9332-71b7a59cb03f,1,false
rpl-6016717,dca8dfe5-9187-5691-b2a4-e7b84a79db0e,1,false
rpl-6018197,a4fb2d57-f673-5540-989e-2ee27949155b,2,true
rpl-6018197,092ad88c-e27d-5d03-8b03-b0215811b2e6,1,false
rpl-6018197,11bff1b5-96ab-5928-a4c5-524cdc04cd1f,1,false
rpl-6018197,432d7239-9609-5caa-9b81-06d78da3f654,1,false
rpl-6018197,5e4c6485-0a4b-56bb-bdee-8cc494c1e06c,1,false
rpl-6018197,a60a4dda-6def-59c1-a1c0-8750a2949967,1,false
rpl-6018197,b0ad4ac2-615d-5c5b-8ad1-98832fd13faa,1,false
rpl-6018197,ba1aff99-1cda-54b5-bc4d-1abf5909e8a9,1,false
rpl-6018197,d0a49959-78a7-5678-b712-ae7020be1368,1,false
rpl-6018522,370d5655-faaf-5d93-bcc3-752aca3efced,2,true
rpl-6018522,0c95624c-9376-50ef-8edd-0f7fa8ce6d4d,1,false
rpl-6018522,dcda33f6-f326-579d-86c9-13460f78e3f2,1,false
rpl-6018522,fca0a744-6492-584b-b165-114348cedb65,1,false
rpl-6019329,878dc1bc-0634-5a77-a3cd-d02d6a7475ed,2,true
rpl-6019329,2ae6c919-7da7-5b8a-a1a3-0ca70d1898de,1,false
rpl-6019329,c6e89d6c-9e86-5631-a44f-1410a5293542,1,false
rpl-6015533,5553ebd3-0000-57c4-b140-eea85d7d958a,2,true
rpl-6015533,5868871f-daba-512b-9461-06047a3e1de1,1,false
rpl-6019897,e5ba2a49-e1e9-5484-9059-31e2b8c857b7,2,true
rpl-6019897,622b42e2-2c16-51f7-8d33-b8b7f334bd4f,1,false
rpl-6022137,826889b6-6ca8-5bb6-a36e-b8b09375b53c,2,true
rpl-6022137,70fc6685-d54f-585e-a8cb-68a7da3b466f,1,false
rpl-6022137,d0102555-f0b0-571b-986a-bf04b3f07901,1,false
rpl-6022137,eb1f129a-bd53-5787-bf12-c2fbda91984a,1,false
rpl-6022137,f9806254-07e1-553f-8248-90e05321018e,1,false
rpl-5993431,064f31fd-f841-56f0-8da8-f86ee60b990a,2,true
rpl-5993431,2788af68-9d90-50f7-9aa8-5a515f752cee,1,false
rpl-5999248,95226344-2b4a-568c-8077-e71ed999fd7a,2,true
rpl-5999248,0c95624c-9376-50ef-8edd-0f7fa8ce6d4d,1,false
rpl-5999248,80a70caa-36de-5c2f-9a92-d125f5ad7c7f,1,false
rpl-5999248,fca0a744-6492-584b-b165-114348cedb65,1,false
rpl-6017995,f8a7d872-c8f5-5952-87f5-0522699905e0,2,true
rpl-6017995,c2ba95d6-9f66-5a54-a2b0-22bdc19b116a,1,false
rpl-6023015,826889b6-6ca8-5bb6-a36e-b8b09375b53c,2,true
rpl-6023015,70fc6685-d54f-585e-a8cb-68a7da3b466f,1,false
rpl-6023015,d0102555-f0b0-571b-986a-bf04b3f07901,1,false
rpl-6023015,eb1f129a-bd53-5787-bf12-c2fbda91984a,1,false
rpl-6023015,f9806254-07e1-553f-8248-90e05321018e,1,false
rpl-6023761,d0102555-f0b0-571b-986a-bf04b3f07901,2,true
rpl-6023761,70fc6685-d54f-585e-a8cb-68a7da3b466f,1,false
rpl-6023761,826889b6-6ca8-5bb6-a36e-b8b09375b53c,1,false
rpl-6023761,eb1f129a-bd53-5787-bf12-c2fbda91984a,1,false
rpl-6023761,f9806254-07e1-553f-8248-90e05321018e,1,false
rpl-6024508,f87846ff-8cc7-5f17-ba81-3e54a1b73c7d,2,true
rpl-6024508,149cedea-a8c3-5f28-85e6-d98bb6e91138,1,false
rpl-6024508,2232280e-73cd-58b6-b57b-5f70cee4ca9b,1,false
rpl-6024508,98600ade-d997-502d-af26-a068fe328009,1,false
rpl-6024508,9c2e1ed2-c224-54cf-95a7-8562c0ffb5d8,1,false
rpl-6024508,c98afd26-1f0a-53e5-898b-d1ab8bbd0b46,1,false
rpl-6024508,eb70c064-0be8-59b1-8da8-aba0c3c56e7b,1,false
rpl-6025296,371006fc-9bca-566d-946f-0864c6602e3b,2,true
rpl-6025296,27bfffda-48d7-5390-8721-38439bc05807,1,false
rpl-6025296,5ccb6f6d-38e0-5424-8afc-95ff93ae2a64,1,false
rpl-6025296,892ae04c-af6b-5c3c-9533-f45db3460496,1,false
rpl-6025296,ca6e9e8f-9c0d-522b-909f-7fa4f9fc8730,1,false
rpl-6025296,d04ada44-805c-5ba9-bee4-7d0e70ca0a5d,1,false
rpl-6025296,f324e132-bbd3-54da-83b3-f80d7e2b4c09,1,false
rpl-6025815,3e348f31-2499-5755-b90c-730faab9ef6a,2,true
rpl-6025815,2003955d-1c23-5710-908d-29fb94511a10,1,false
rpl-6017821,cb0972c1-4a8d-596c-a44b-d4d8bd492a86,2,true
rpl-6017821,323ecd73-8429-5487-bec0-68036fa9277c,1,false
rpl-6017821,481a9d29-3bdb-561c-ba20-ac22b64c80b3,1,false
rpl-6017821,b98040d3-470d-53f8-9457-9980d4e25169,1,false
rpl-6017821,f0ccb6c1-ae66-51c4-9a6c-e500fdadc7df,1,false
rpl-6018185,0c77b3e2-adf1-532f-bbac-e323b4b863b5,2,true
rpl-6018185,f0ccb6c1-ae66-51c4-9a6c-e500fdadc7df,1,false
rpl-6029983,f66ebb97-bb97-56c4-a262-878e02e55156,2,true
rpl-6029983,06336690-c77a-571e-b2fa-19a16753728e,1,false
rpl-6029983,8f6e4da6-f536-525a-b1b9-1101cc834b28,1,false
rpl-6020015,3e5d967b-551a-5016-b682-7efeccd652a7,2,true
rpl-6020015,532601c2-b1c1-5e5f-9bfa-8cb9e46576fb,1,false
rpl-6030147,c8acbb4d-f9b9-54a5-95f6-89685b632b73,2,true
rpl-6030147,5c874dcd-b35e-5483-99b8-1ce422c5b904,1,false
rpl-6030147,a38f69f5-6e9b-539f-a8f6-ce21a187a153,1,false
rpl-6030147,a5c03e6f-ff44-519a-bfb5-5d7246dc162e,1,false
rpl-6030147,b2c7811a-4645-5363-ab64-e7025f74d5de,1,false
rpl-6031877,2eada049-4fdc-5a53-b1e3-43aab15ef8c3,2,true
rpl-6031877,e6d8a44c-9bcd-5330-b49d-b56f63e06b78,1,false
rpl-6032277,f5f944e1-598e-5c2b-865f-603d0f0f7a10,2,true
rpl-6032277,e6d8a44c-9bcd-5330-b49d-b56f63e06b78,1,false
rpl-6032277,f324e132-bbd3-54da-83b3-f80d7e2b4c09,1,false
rpl-6031445,c8acbb4d-f9b9-54a5-95f6-89685b632b73,2,true
rpl-6031445,5c874dcd-b35e-5483-99b8-1ce422c5b904,1,false
rpl-6031445,a38f69f5-6e9b-539f-a8f6-ce21a187a153,1,false
rpl-6031445,b2c7811a-4645-5363-ab64-e7025f74d5de,1,false
rpl-6034605,37314039-a559-5698-83b4-72e60b086f60,2,true
rpl-6034605,8e3e9619-91de-5984-b0cb-707c0a6397fe,1,false
rpl-6034661,d0102555-f0b0-571b-986a-bf04b3f07901,2,true
rpl-6034661,ef5538d9-64e3-5030-9cb6-30fddf629f72,1,false
rpl-6034661,f324e132-bbd3-54da-83b3-f80d7e2b4c09,1,false
rpl-6034829,1870026e-b37b-5713-adff-f3963237cd92,2,true
rpl-6034829,05374052-ebc0-5724-aeaf-387f9933e321,1,false
rpl-6034829,1efcf4ac-c05f-5be6-8bdd-dd3ce8af27fe,1,false
rpl-6035030,23305ed7-6e66-50df-92aa-bc39d9c97216,2,true
rpl-6035030,b98040d3-470d-53f8-9457-9980d4e25169,1,false
rpl-6035661,ea46d0e9-8ac7-5a86-8e96-67759ee26b54,2,true
rpl-6035661,149cedea-a8c3-5f28-85e6-d98bb6e91138,1,false
rpl-6035661,2232280e-73cd-58b6-b57b-5f70cee4ca9b,1,false
rpl-6035661,eb70c064-0be8-59b1-8da8-aba0c3c56e7b,1,false
rpl-6019302,96a27933-0327-5bb8-8966-6b2ce0e316c7,2,true
rpl-6019302,472b070a-f9b9-51ec-879b-0530dfa97999,1,false
rpl-6027326,6b59ff2f-cb11-52d4-99b5-c322a7c55d91,2,true
rpl-6027326,29cf1927-9c31-5729-ba19-f7c87c70d4c3,1,false
rpl-6027326,4e1ae836-4e16-5305-b0f6-ce37de765978,1,false
rpl-6027326,5868871f-daba-512b-9461-06047a3e1de1,1,false
rpl-6027326,6197119b-1822-575c-8ca0-c2ee3e75dcc8,1,false
rpl-6027326,a2fe8814-4a4b-5cdc-877e-0f2f4c147e9f,1,false
rpl-6027326,a4fb2d57-f673-5540-989e-2ee27949155b,1,false
rpl-6027326,a8e96527-80da-5688-a553-3c0a3659baa2,1,false
rpl-6027326,ae96ee83-45b8-53cd-aeb5-a8ea1aa6319a,1,false
rpl-6027326,c950ffb3-875d-59ef-b597-16f649d07bb0,1,false
rpl-6027326,ce27623e-e136-5490-ba88-f683fa7e318f,1,false
rpl-6027326,db89aef9-9440-58f4-b8cd-aebbf427d77c,1,false
rpl-6029685,71d70fb2-fe0e-5180-b98d-dcf3a8addbc2,2,true
rpl-6029685,a66554a9-0db4-5d2c-859c-7a02a6b55607,1,false
rpl-6030033,6d03ff29-34ee-5558-9758-174c413e5ca6,2,true
rpl-6030033,3df582f3-2dcc-55ff-8ddc-572dbfe55a7e,1,false
rpl-6033907,8d755910-a6a4-53a1-aacf-4e588d1b7fc1,2,true
rpl-6033907,b9d64a2b-9cac-5d19-9a3b-46e997915e75,1,false
rpl-6038639,d8fda4e7-0d77-5ae7-a8bc-7244cdef2140,2,true
rpl-6038639,03e622e0-0947-5a1c-8d15-dd0a74c4f624,1,false
rpl-6038639,19eec157-fb97-505e-a8fb-bb4afac2b3dc,1,false
rpl-6038639,400c7138-73e7-5908-b8d9-60643698e5ec,1,false
rpl-6038639,4015304b-648b-5b0a-a8f2-35304deea2c3,1,false
rpl-6038639,84c87166-2ee6-52ee-9c76-37930bf45272,1,false
rpl-6038639,b316b1a8-841d-5175-a9cd-fee5f18d5bb1,1,false
rpl-6040000,4e408f93-9190-595a-bead-175a1de00139,2,true
rpl-6040000,ba1cd4e2-3da5-5529-834d-627f50e8734b,1,false
rpl-6041561,370d5655-faaf-5d93-bcc3-752aca3efced,2,true
rpl-6041561,0c95624c-9376-50ef-8edd-0f7fa8ce6d4d,1,false
rpl-6041561,6b288496-1507-5eb0-8646-88a24323d62c,1,false
rpl-6041561,80a70caa-36de-5c2f-9a92-d125f5ad7c7f,1,false
rpl-6041735,f324e132-bbd3-54da-83b3-f80d7e2b4c09,2,true
rpl-6041735,b73e51df-f7e7-59e8-bc42-27a12d48ef63,1,false
rpl-6035452,c8f92961-e0c0-5c71-9c42-f370428bbaa7,2,true
rpl-6035452,63c21efc-832d-5691-84f3-446580d2312b,1,false
rpl-6035452,8e3e9619-91de-5984-b0cb-707c0a6397fe,1,false
rpl-6038187,d74798bb-287b-5d59-aeea-8a234ae4baaa,2,true
rpl-6038187,e6b36f37-15fa-512b-abf4-a13f28f95ef8,1,false
rpl-6038873,d781c532-95d2-5efb-b722-4e9b6c9dbd95,2,true
rpl-6038873,3d3371ba-c0d0-5edc-b3a2-88ad20d80cd2,1,false
rpl-6041701,9298bd3b-c433-5b75-9845-9cf1b24f82e0,2,true
rpl-6041701,473212bf-034f-5f18-8f7c-82cf1d6e473a,1,false
rpl-6041701,86357230-e399-55b3-8886-66011e5ef3bc,1,false
rpl-6041701,d36d732e-245c-5115-8c46-f8166075b89e,1,false
rpl-6041701,d8099262-1990-54c8-bfff-04372eff1250,1,false
rpl-6043275,bb09898e-e3a1-5c58-84b2-d852c0044d85,2,true
rpl-6043275,240b4007-9ac1-51f6-ad69-90a4483d1762,1,false
rpl-6044901,5421d65b-ab66-5659-98af-f47f06b5db8c,2,true
rpl-6044901,cb0972c1-4a8d-596c-a44b-d4d8bd492a86,1,false
rpl-6045603,5b164d2a-0da0-5222-8891-2f98fa8b1c2a,2,true
rpl-6045603,0e5af346-29aa-5268-aae4-c909a73f701a,1,false
rpl-6047437,655ebe8e-2024-5ac1-9400-cf165947abdb,2,true
rpl-6047437,16ce758c-59ba-526a-8e9b-1db1165b66e2,1,false
rpl-6047437,4328b524-b033-522b-af88-7bfe59a05fff,1,false
rpl-6047437,745ff2ce-5af7-58fe-be09-15f857538d87,1,false
rpl-6047437,cd1f8ef2-1979-51a9-8695-09a1c7ac8ebb,1,false
rpl-6047637,e967098f-d886-5418-97b8-2795faf0dd4d,2,true
rpl-6047637,8ef3feee-8f5d-54af-815b-5618b6c9ed72,1,false
rpl-6048480,618d5b9a-f573-5d34-9f54-4728ffb50d70,2,true
rpl-6048480,33942ab2-97f2-5248-962c-a5e81c538c33,1,false
rpl-6048480,58298061-7f5d-56f7-a7f5-85ddc60e8390,1,false
rpl-6048480,6d4b8392-3234-5afc-8076-0c75d12e10e0,1,false
rpl-6048480,fdf92ec1-7375-5189-9b88-7e4297991bc0,1,false
rpl-6044799,ca6e9e8f-9c0d-522b-909f-7fa4f9fc8730,2,true
rpl-6044799,5ccb6f6d-38e0-5424-8afc-95ff93ae2a64,1,false
rpl-6044799,a4b8709d-4b28-528e-a84b-4149727f2530,1,false
rpl-6044799,cf900a1a-5588-5f83-8a5b-4eced050d8bf,1,false
rpl-6044799,e6d8a44c-9bcd-5330-b49d-b56f63e06b78,1,false
rpl-6044799,f324e132-bbd3-54da-83b3-f80d7e2b4c09,1,false
rpl-6046666,d477a8f1-8903-51e3-83a9-b7075764ae77,2,true
rpl-6046666,76dd2c50-46bc-54f4-bee6-30f5cf4779e2,1,false
rpl-6050568,d781c532-95d2-5efb-b722-4e9b6c9dbd95,2,true
rpl-6050568,e558540b-c1e0-59c5-a138-4e5539d25c23,1,false
rpl-6051575,a962a986-e2de-5190-8242-709c5553b97e,2,true
rpl-6051575,1e18bcd0-7969-55d7-a33a-76cb268cccd0,1,false
rpl-6051575,f230b1d3-4a32-554f-a2fd-143b12a7d277,1,false
rpl-6046586,c8f92961-e0c0-5c71-9c42-f370428bbaa7,2,true
rpl-6046586,63c21efc-832d-5691-84f3-446580d2312b,1,false
rpl-6046586,8e3e9619-91de-5984-b0cb-707c0a6397fe,1,false
rpl-6049949,80a70caa-36de-5c2f-9a92-d125f5ad7c7f,2,true
rpl-6049949,0c95624c-9376-50ef-8edd-0f7fa8ce6d4d,1,false
rpl-6049949,fca0a744-6492-584b-b165-114348cedb65,1,false
rpl-6051833,9e90908b-ab60-590c-b765-f061a0550f1c,2,true
rpl-6051833,05374052-ebc0-5724-aeaf-387f9933e321,1,false
rpl-6051833,29cf1927-9c31-5729-ba19-f7c87c70d4c3,1,false
rpl-6051833,3c9d2a24-9237-553b-b37c-bb339f5abfd2,1,false
rpl-6051833,ce27623e-e136-5490-ba88-f683fa7e318f,1,false
rpl-6051833,db89aef9-9440-58f4-b8cd-aebbf427d77c,1,false
